title,store,original_price,current_price,unit_price,unit,image_url
Sīpoli,lidl.lv,,0.35,0.35,€/kg,https://www.lidl.lv/assets/gcp9a8cd11ab09f4dbcb967c4fe24f0692e.png
Gaišās vīnogas bez kauliņiem,lidl.lv,,1.99,3.98,€/kg,https://www.lidl.lv/assets/gcp4d140e4906d24b22820408665f84f91e.png
QUALITÉ SUISSE Brūnie šampinjoni,lidl.lv,,1.19,4.76,€/kg,https://www.lidl.lv/assets/gcp0294f7b290444c8d9ed8445d4813115a.png
Tumšās plūmes,lidl.lv,,1.99,1.99,€/kg,https://www.lidl.lv/assets/gcp34f3c44b576e465ebcab38c00609d3fd.png
Btrokastu maizīte ar sēklām,lidl.lv,,0.26,3.25,€/kg,https://www.lidl.lv/assets/gcp7d578ce0d6fa44d8af1e4f59521b1417.png
Kruasāns ar šķiņķi un sieru,lidl.lv,,0.69,7.26,€/kg,https://www.lidl.lv/assets/gcpdfdbce426f85439abeebcf96258164d1.png
Maizīte ar gaļas pildījumu,lidl.lv,,0.49,7.54,€/kg,https://www.lidl.lv/assets/gcp9cc7c1ad50024e39b4472e2f68153aa1.png
Virtulis ar cukuru,lidl.lv,,0.29,6.17,€/kg,https://www.lidl.lv/assets/gcpdb0852d362fa4f56a91b27ee9ad08293.png
Cūkgaļas karbonāde šķēlēs,lidl.lv,,3.49,4.99,€/kg,https://www.lidl.lv/assets/gcp2e3383e198104de69bb7f4cb4aabb31c.png
Atkauloti tītara šķiņķi bez ādas,lidl.lv,,6.99,,,https://www.lidl.lv/assets/gcp980159fe2a6f46a59cdd14ac91e2b132.png
Cāļu muguras,lidl.lv,,1.35,,,https://www.lidl.lv/assets/gcpc1675acffe3d448d9ba8246c2c52381a.png
Cūkas kakla karbonāde šķēlēs,lidl.lv,,2.79,4.98,€/kg,https://www.lidl.lv/assets/gcp81c64684242a477da6eaf255bd63235d.png
SKONIO ŽENKLAS Cūkas lāpstiņas maltā gaļa,lidl.lv,,1.69,3.38,€/kg,https://www.lidl.lv/assets/gcp68eab19ba5a642138f37d46caba8ed94.png
Cūkgaļas lāpstiņa,lidl.lv,,2.49,,,https://www.lidl.lv/assets/gcp22bb6545f9f045efb2d2d37f9954ea19.png
Cūkgaļas karbonāde bez kaula,lidl.lv,,3.19,,,https://www.lidl.lv/assets/gcp71ae16d49b044eb99676decc0fa84ae2.png
Cāļu pusspārni,lidl.lv,,2.39,4.35,€/kg,https://www.lidl.lv/assets/gcp3e272ea7459b4249bbf736752c0410cc.png
FLORALYS Tualetes papīrs XXL,lidl.lv,,5.69,,,https://www.lidl.lv/assets/gcpb6eb1f1ff17d4768a0fbd301a093ab79.png
PILOS Piens,lidl.lv,,0.95,0.95,€/l,https://www.lidl.lv/assets/gcpc96c2eb2287948129e0e281d39556b6b.png
CAMPO LARGO Konservētas sarkanās pupiņas,lidl.lv,,0.75,2.94,€/kg,https://www.lidl.lv/assets/gcpbba7113fde8e4a85aad501be7967b480.png
FRESHONA Marinētas bietes,lidl.lv,,1.15,3.03,€/kg,https://www.lidl.lv/assets/gcp8749183e19644017b6225c04ae1a1a09.png
FIN CARRÉ (Tumšās šokolādes dzērvenes),lidl.lv,,0.99,9.90,€/kg,https://www.lidl.lv/assets/gcp9bafe6bbed6849fc966cedc15e268aa1.png
FIN CARRÉ (Pilnpiena mandeļu piens),lidl.lv,,0.99,9.90,€/kg,https://www.lidl.lv/assets/gcpc8cde1210bef41399e8894e6632c43e4.png
PILOS Kūpināta siera bize,lidl.lv,,2.99,19.93,€/kg,https://www.lidl.lv/assets/gcp0cf333ddffe849b3903f210af3cd411e.png
COMBINO Olu makaroni Tagliatelle,lidl.lv,,1.49,2.98,€/kg,https://www.lidl.lv/assets/gcpece2175ba68f4d4bb9357ad08b1a3040.png
Ocean Sea Mintaja filejas porcijas,lidl.lv,,1.69,7.04,€/kg,https://www.lidl.lv/assets/gcp57403c53edb5442fa6335e08f6fde7f1.png
CROWNFIELD,lidl.lv,,0.59,1.18,€/kg,https://www.lidl.lv/assets/gcp63ae6e6ea1934bb3b165a54e2f67ffdc.png
MCENNEDY Trattoria Alfredo,lidl.lv,,2.59,,,https://www.lidl.lv/assets/gcp010f55581f9d4594b13c461ccaef35fe.png
Ocean Sea,lidl.lv,,6.49,8.11,€/kg,https://www.lidl.lv/assets/gcpaf2fa75cb4964288a2d764ff92400f13.png
Konservi pieaugušiem suņiem,lidl.lv,,0.79,,,https://www.lidl.lv/assets/gcp367da784c0b041698b83d8de79db8058.png
PILOS Biezpiena sieriņš,lidl.lv,,0.29,7.25,€/kg,https://www.lidl.lv/assets/gcp2c7a4153b4274a86aa07abbbb2443aed.png
SOL&MAR Kalmāru gredzeni,lidl.lv,,3.39,6.78,€/kg,https://www.lidl.lv/assets/gcp55edcf59b62349e5b7e3e172027552d4.png
HARVEST BASKET Kartupeļu salmiņi,lidl.lv,,1.99,1.99,€/kg,https://www.lidl.lv/assets/gcp894b3014376f45998a0db0887d282d9e.png
CIEN Kosmētiskās salvetes ar alveju,lidl.lv,,1.59,,,https://www.lidl.lv/assets/gcpe48e63356a0c484986cccf37e6a4db36.png
MILBONA Krējuma jogurts grieķu gaumē (Zemeņu),lidl.lv,,3.49,3.49,€/kg,https://www.lidl.lv/assets/gcp112f4684727c4bc4954f76cf2ab4e7df.png
Cāļa mazās filejas panējumā,lidl.lv,,3.75,9.38,€/kg,https://www.lidl.lv/assets/gcp148aa33afe35471280a070dff6cb55c4.png
MILBONA Krējuma jogurts grieķu gaumē,lidl.lv,,3.49,3.49,€/kg,https://www.lidl.lv/assets/gcp3858f42e30e24e14878df2ac0999e1d4.png
FIN CARRÉ (Tumšā šokolāde),lidl.lv,,0.99,9.90,€/kg,https://www.lidl.lv/assets/gcpaf0444b9fc954a328eefa2d17dab7902.png
Cāļa mazās filejas panējumā (Vistas filejas nuggets),lidl.lv,,3.75,9.38,€/kg,https://www.lidl.lv/assets/gcpfef7969a3201439e8d182652f805e574.png
Ķīnas kāposts,lidl.lv,,1.39,1.39,€/kg,https://www.lidl.lv/assets/gcp67fa3aeeead3458694953ce96f5879b3.png
Garais gurķis,lidl.lv,,0.69,,,https://www.lidl.lv/assets/gcp7c5d9adbeeed4af7ba340e784635f4fe.png
Baklažāni,lidl.lv,,2.39,2.39,€/kg,https://www.lidl.lv/assets/gcp3293052fc4b14c28ac87fa10f4e3f43a.png
Biezpiena bumbiņa ar pūdercukuru,lidl.lv,,0.59,11.80,€/kg,https://www.lidl.lv/assets/gcp42ec367fbdd64e688a892d9f66390b76.png
Prjaņiki,lidl.lv,,1.85,3.70,€/kg,https://www.lidl.lv/assets/gcp660197c8430844899dc671cf3620cb6c.png
Gaišā maize Ciabattta,lidl.lv,,0.80,2.67,€/kg,https://www.lidl.lv/assets/gcpc0b6b51558744f378c3d5e89a99352ab.png
Maizīte ar rozīnēm,lidl.lv,,0.65,6.50,€/kg,https://www.lidl.lv/assets/gcp0438cffb95b14acc8100f4d659b6f4bf.png
Cāļu stilbi XXL,lidl.lv,,2.79,,,https://www.lidl.lv/assets/gcp9a27d7cb275d4d939ad30cd3398edc0a.png
Graudainais biezpiens ar piedevām (ogulājs),lidl.lv,,0.79,,,https://www.lidl.lv/assets/gcp2e199ec4242544919067ecba57567f4a.png
BELLAROM Kakao dzēriena pulveris,lidl.lv,,5.99,7.49,€/kg,https://www.lidl.lv/assets/gcpbfd8ceff9053443dba6eb45d900c46a4.png
CRUSTI CROC (Inferno),lidl.lv,,0.79,,,https://www.lidl.lv/assets/gcpc2c649aa93794b9c8088701c3863c36d.png
BELBAKE Brūnais cukurs,lidl.lv,,1.19,2.38,€/kg,https://www.lidl.lv/assets/gcp0ca05cf780e343cb8addb927b01aa9e4.png
Snack Day,lidl.lv,,1.17,3.16,€/kg,https://www.lidl.lv/assets/gcp5d681b36141b41c29ee8b34e9b90e406.png
BELLAROM (3in1),lidl.lv,,1.55,11.07,€/kg,https://www.lidl.lv/assets/gcp6e7e572fab444d7e886826f75003350f.png
Solevita (persiki),lidl.lv,,1.49,,,https://www.lidl.lv/assets/gcp0c9932270db44021a3609f75c8a8406f.png
CRUSTI CROC (siers),lidl.lv,,0.79,,,https://www.lidl.lv/assets/gcpc2c649aa93794b9c8088701c3863c36d.png
Alesto Selection (Sasmalcināti valriekstu gabaliņi),lidl.lv,,1.99,9.95,€/kg,https://www.lidl.lv/assets/gcp39b65e207d924ee996f5bb9a1281ff68.png
CROWNFIELD Musli batoniņš,lidl.lv,,0.20,6.67,€/kg,https://www.lidl.lv/assets/gcp1d1bc4bdc8b74fc59c186247f0c3ea1d.png
SNACK DAY Čipsi,lidl.lv,,0.99,6.60,€/kg,https://www.lidl.lv/assets/gcpc12bf5f34df7418d91fd02528ab7513e.png
KONG STRONG Enerģijas dzēriens Classic,lidl.lv,,0.75,1.50,€/l,https://www.lidl.lv/assets/gcp3d87d521507c4ee08d0c8e135b842f04.png
KONG STRONG Enerģijas dzēriens Guave Tropical,lidl.lv,,0.99,1.98,€/l,https://www.lidl.lv/assets/gcp64edfa92b99d4a45b575ca5e0be73e1c.png
Sama filejas gabaliņi,lidl.lv,,4.99,19.96,€/kg,https://www.lidl.lv/assets/gcpa553648fe8ed4e2198353be58f861c46.png
BARONI Tūristu brokastis ar cūkgaļu,lidl.lv,,1.79,5.97,€/kg,https://www.lidl.lv/assets/gcp577ecc48e13d408e8e1e781b9bce95f4.png
PILOS Cietais siers,lidl.lv,,2.19,12.17,€/kg,https://www.lidl.lv/assets/gcpb276569492874cae853e172b6fe6aecd.png
DELUXE Pildīta pīle,lidl.lv,,4.49,,,https://www.lidl.lv/assets/gcp7cfcc736ba1f4202bfe36e13ff781992.png
PILOS Skābais krējums,lidl.lv,,0.99,2.48,€/kg,https://www.lidl.lv/assets/gcp110dad66849d4beeaf459cc503814c2d.png
FRESHONA Saldā kukurūza,lidl.lv,,0.99,3.47,€/kg,https://www.lidl.lv/assets/gcp87ba403e34644343a4795a2a25121adc.png
Minerālūdens,lidl.lv,,0.89,0.89,€/l,https://www.lidl.lv/assets/gcp7a589fb610b2457ca9480719ba5c596c.png
PILOS Sviests,lidl.lv,,0.99,4.95,€/kg,https://www.lidl.lv/assets/gcp370cddd6f74349db93146c6b70a1324b.png
PILOS Kefīrs,lidl.lv,,0.75,0.75,€/kg,https://www.lidl.lv/assets/gcpe7056322f14546cb9a02c89633aeff4c.png
VITASIA Pīles krūtiņa Āzijas marinādē,lidl.lv,,13.99,,,https://www.lidl.lv/assets/gcp6f79dc40ae524b79af738bd003fe718b.png
SNACK DAY Čipsi ar diļļu garšu,lidl.lv,,0.99,6.60,€/kg,https://www.lidl.lv/assets/gcpb763038f761046feb642acd287be57ff.png
Solevita Tomātu sula,lidl.lv,,1.05,1.05,€/l,https://www.lidl.lv/assets/gcp0190d0f1584746c68706bba56d17e895.png
Silvercrest Blenderis smūtiju pagatavošanai (Scchwarz),lidl.lv,,17.99,,,https://www.lidl.lv/assets/gcp956fd733ee384f80ac7a9a8c0274e168.png
Silvercrest Blenderis smūtiju pagatavošanai (balta / balta),lidl.lv,,17.99,,,https://www.lidl.lv/assets/gcpb8f0185d152f4bf0812f92ee4ebcc049.png
W5 Slotas komplekts,lidl.lv,,6.99,,,https://www.lidl.lv/assets/gcp7b8c6cf168314ce6aa64b5111f715f8f.png
W5 Slotas komplekts (Slaucīšanas rīks ar grozu),lidl.lv,,6.99,,,https://www.lidl.lv/assets/gcp7b8c6cf168314ce6aa64b5111f715f8f.png
Silvercrest Elektriskā tējkanna (balta / balta),lidl.lv,,14.99,,,https://www.lidl.lv/assets/gcpa3bea314826e4f54b7aef66940ce7358.png
Silvercrest Elektriskā tējkanna (Scchwarz),lidl.lv,,14.99,,,https://www.lidl.lv/assets/gcpcde2d6f809c14c58a3640563214e0214.png
Esmara Krekli ar garām piedurknēm sievietēm (Mocha/Mousse/Hummus),lidl.lv,,8.99,,,https://www.lidl.lv/assets/gcp7ed4014264a54a24ad73bbe0a16ecd94.png
Esmara Men Džemperis vīriešiem,lidl.lv,,10.99,,,https://www.lidl.lv/assets/gcpa37ebe693d064808840ecfbec4a7f6aa.png
Lupilu Bokseršorti zēniem,lidl.lv,,3.99,,,https://www.lidl.lv/assets/gcp78874a3104c84a338066125d37c0ba02.png
Lupilu Termodžegingi bērniem,lidl.lv,,4.99,,,https://www.lidl.lv/assets/gcpdfd3aaad8d2745e88c8df0bbfbad3b5d.png
Crelando Kaste (Lāde mantu glabāšanai),lidl.lv,,4.99,,,https://www.lidl.lv/assets/gcpcf20f57d6c9d4712b4a9ac272d1382ea.png
Crelando Piederumi šūšanai (K Syngarn visi spēlētāji),lidl.lv,,0.99,,,https://www.lidl.lv/assets/gcp0b59043f1e434af49606783b75cae574.png
Crelando Piederumi šūšanai (O Tekstila štāpeļšķiedras),lidl.lv,,0.99,,,https://www.lidl.lv/assets/gcpf10a444f7f524775b4682c12b016dc4a.png
Crelando Piederumi šūšanai,lidl.lv,,0.99,,,https://www.lidl.lv/assets/gcpe586753d4b324a918f7be473e6e6812b.png
Esmara Men Bokseršorti,lidl.lv,,5.99,,,https://www.lidl.lv/assets/gcp8023c23b94ba4da587b670c027ef69e2.png
Esmara Džinsa bikses sievietēm Skinny Fit (Black),lidl.lv,,10.00,,,https://www.lidl.lv/assets/gcp33cae3f05e704f6eb99b7d7f78c812cb.png
"Crelando Šūšanas piederumi (Šūšanas diegu komplekts, 20 gab.)",lidl.lv,,4.49,,,https://www.lidl.lv/assets/gcp46867d987052468bb81bb57597c4b914.png
Parkside Urbju vai skrūvgrieža uzgaļu komplekts (HSS urbiņu komplekts),lidl.lv,,5.00,,,https://www.lidl.lv/assets/gcpa821c31ae5184ece932cc60769b31bb5.png
Parkside Kroņurbju komplekts (Bi-Metal),lidl.lv,,11.99,,,https://www.lidl.lv/assets/gcp64624339da8e454e94f92fb534d83629.png
Parkside Kroņurbju komplekts,lidl.lv,,11.99,,,https://www.lidl.lv/assets/gcpcb79faec58374cfb97e3a78ce4bcff33.png
Parkside Urbju vai skrūvgrieža uzgaļu komplekts,lidl.lv,,5.00,,,https://www.lidl.lv/assets/gcpbac757fc680c4c12ad99e3188afd38d1.png
Parkside Džinsa bikses vīriešiem,lidl.lv,,14.99,,,https://www.lidl.lv/assets/gcpbbfd498b58724cfeb4f83ca0c01009f1.png
Parkside Daudzfunkcionāla virve (Balta universālā virve),lidl.lv,,7.99,,,https://www.lidl.lv/assets/gcpd65f1cbb709b41538251fd761d1f41a4.png
Parkside Daudzfunkcionāla virve,lidl.lv,,7.99,,,https://www.lidl.lv/assets/gcp4eebc832ee9e43b9a8c7cda453a38a37.png
Parkside Daudzfunkcionāla virve (Zaļa universālā virve),lidl.lv,,7.99,,,https://www.lidl.lv/assets/gcpfec57f4960fd4ac9a09fa3aa06f9457c.png
Parkside Krekls ar garām piedurknēm vīriešiem (Black),lidl.lv,,4.99,,,https://www.lidl.lv/assets/gcp9bea4869d122462fbc929cb4836d5a98.png
Parkside Plaukts smagu priekšmetu glabāšanai,lidl.lv,,4.98,,,https://www.lidl.lv/assets/gcp2955b8eba52d4881b465d1183fd5b44f.png
Parkside Ar akumulatoru darbināms universāls mazs pūtējs ar sūkšanas funkciju 12 V PAUKGB A1,lidl.lv,,17.00,,,https://www.lidl.lv/assets/gcp9fbbe2a94fac4aaf965d1e3924e0e510.png
Parkside Darba bikses ar oderi vīriešiem (zaļš),lidl.lv,,14.00,,,https://www.lidl.lv/assets/gcp6a7f7937995e45ceac10e643888e0878.png
Karsti kūpināta karbonāde,lidl.lv,,1.39,13.24,€/kg,https://www.lidl.lv/assets/gcpcc24ef7723b745af8a50d5fe73d5e6d2.png
VITASIA Mango muss,lidl.lv,,1.99,12.44,€/kg,https://www.lidl.lv/assets/gcpe51c1479bcba4ba2b32c5dae49a95801.png
Graudainais biezpiens ar piedevām,lidl.lv,,0.79,,,https://www.lidl.lv/assets/gcp2e199ec4242544919067ecba57567f4a.png
MANO DUONA Maizīte ar biezpienu,lidl.lv,,0.49,4.90,€/kg,https://www.lidl.lv/assets/gcp6a3fc64f6db747fea3c4daf8e8a86a3c.png
VITASIA Rīvmaize Panko,lidl.lv,,1.39,6.95,€/kg,https://www.lidl.lv/assets/gcp82781591a46e4f8c9ac508ef8b68d288.png
VITASIA,lidl.lv,,3.29,21.93,€/kg,https://www.lidl.lv/assets/gcp39a946daabe94ef3869e29ff25af583b.png
Mērce,lidl.lv,,3.59,,,https://www.lidl.lv/assets/gcp484338bf56e948eaacf8860bee90b94e.png
VITASIA Fermentēta čilī pasta Gochujang,lidl.lv,,1.79,5.97,€/l,https://www.lidl.lv/assets/gcpda42c0226fd64e24b3c3707808d3644f.png
VITASIA Majonēze Sriracha,lidl.lv,,1.99,7.96,€/l,https://www.lidl.lv/assets/gcp677389eee48a46c6ac8c17de0864bae4.png
Karija mērce sautēšanai,lidl.lv,,2.99,7.97,€/kg,https://www.lidl.lv/assets/gcp5e4cc68671d14116935776cd92af8f22.png
VITASIA Pekinas pīles gatavošanas komplekts,lidl.lv,,3.59,6.41,€/kg,https://www.lidl.lv/assets/gcpeb21bedc9c3f482685d8ff99a5c40f08.png
FIN CARRÉ,lidl.lv,,2.99,14.95,€/kg,https://www.lidl.lv/assets/gcp41a481701e9d4ca68761732dac1637f3.png
Alesto Selection,lidl.lv,,1.99,9.95,€/kg,https://www.lidl.lv/assets/gcp8bb1947e265d4b52bd4e9512cd215867.png
VITASIA Sojas pupiņu rullīši,lidl.lv,,2.49,9.96,€/kg,https://www.lidl.lv/assets/gcp4c2cf7643fe64567a097cf028258007e.png
MCENNEDY,lidl.lv,,1.99,5.53,€/kg,https://www.lidl.lv/assets/gcp8ff06123d99a4833b800c435ac0cdd32.png
CRUSTI CROC,lidl.lv,,0.79,,,https://www.lidl.lv/assets/gcpc2c649aa93794b9c8088701c3863c36d.png
Solevita,lidl.lv,,1.49,,,https://www.lidl.lv/assets/gcp4a4e59d5c8c54ab9a92ff8a93ad6ec3c.png
Augļu nektārs,lidl.lv,,1.99,,,https://www.lidl.lv/assets/gcp46eb82af5af945a38b1f2dde41349711.png
Solevita Apelsīnu sula,lidl.lv,,1.69,1.69,€/l,https://www.lidl.lv/assets/gcpe1913f3fdab44fa4bbc149b61d647b61.png
BELLAROM,lidl.lv,,1.55,11.07,€/kg,https://www.lidl.lv/assets/gcp2051f2a98668414c8911dcefc93d9adb.png
Pelmeņi Gyoza,lidl.lv,,3.29,,,https://www.lidl.lv/assets/gcpbd5a4cb0416a44c9887ea2f8a572fdb5.png
Bon Gelati,lidl.lv,,2.99,3.52,€/l,https://www.lidl.lv/assets/gcp673cfd13399e4f8399f7a460a40cbe69.png
MCENNEDY Culinea,lidl.lv,,4.99,9.98,€/kg,https://www.lidl.lv/assets/gcp3e6cd1e721ef4d1ebba9a51d1ec75980.png
VITASIA Tvaicētas maizītes ar cāļa gaļas un dārzeņu pildījumu,lidl.lv,,2.49,11.12,€/kg,https://www.lidl.lv/assets/gcp34a08fb5545344d6a6d07af94d75ffb2.png
