title,store,original_price,current_price,unit_price,unit
"Kartupeļu čipsi CHIPSTERS, 100 g, trīs veidi (13,90 €/kg); (19,90 €/kg)",maxima.lv,,1.39,13.90,€/kg
"Gāzēts dzēriens FANTA vai SPRITE, 330 ml vai 350 ml, četri veidi (no 3,40 €/l)",maxima.lv,1.59,1.19,3.61,€/l
"Cūkgaļas karbonāde bez ādas, 1 kg",maxima.lv,5.99,3.49,3.49,€/kg
"Cāļa fileja SULĪGĀ RĪGAS MIESNIEKS, 1 kg, fasēta",maxima.lv,8.99,5.99,5.99,€/kg
"Biezpiena sieriņš KĀRUMS, 45 g, dažādi veidi (6,44 €/kg)",maxima.lv,0.52,0.29,6.44,€/kg
"Gāzētajiem dzērieniem PEPSI, 7UP, MIRINDA, MOUNTAIN DEW",maxima.lv,,,,
"Šķīstošā kafija NESCAFE CLASSIC STRONG, 250 g (23,96 €/kg)",maxima.lv,7.49,5.99,23.96,€/kg
"Saldējums EKSELENCE, 70 g, trīs veidi (9,86 €/kg); (25,57 €/kg)",maxima.lv,,0.69,9.86,€/kg
"Pilnpiena biezpiens BALTAIS, 180 g, 9% (3,83 €/kg)",maxima.lv,1.29,0.69,3.83,€/kg
"Burkāni, 1 kg",maxima.lv,0.69,0.35,0.35,€/kg
"Gaišās vīnogas SULTANA bez kauliņiem, 1 kg",maxima.lv,2.49,1.69,1.69,€/kg
"Melones VIDUSĀZIJAS, 1 kg",maxima.lv,1.19,0.79,0.79,€/kg
"Želejas konfektes AMOS PEELERZ, 55 g vai 65 g, MYSTERY CUBE vai zemeņu (no 22,92 €/kg)",maxima.lv,1.79,1.49,27.09,€/kg
"Želejas konfektes HI-CHEW, 55 g, vīnogu vai TROPICAL MIX (27,09 €/kg); (36,18 €/kg)",maxima.lv,,1.49,27.09,€/kg
"Želejas konfektes COKOC, 60 g, vīnogu vai persiku (24,83 €/kg); (33,17 €/kg)",maxima.lv,,1.49,24.83,€/kg
"Moči ROYAL FAMILY, 120 g, zemeņu siera kūka vai ar vaniļas krēmu (24,92 €/kg)",maxima.lv,4.29,2.99,24.92,€/kg
"Cepumi MACARONS GANGFU, 80 g, ar zemeņu vai Matcha garšu (16,13 €/kg)",maxima.lv,1.79,1.29,16.12,€/kg
"Cepumi ar vīnogu un persiku garšu OREO, 97 g (18,45 €/kg)",maxima.lv,2.99,1.79,18.45,€/kg
"Saldās nūjiņas PEPERO KIDS EDITION, 32 g vai 39 g, kraukšķīgās vai ar balto šokolādi (no 30,51 €/kg)",maxima.lv,1.59,1.19,37.19,€/kg
"Šokolāde BOURBON, 55 g vai 60 g, zemeņu vai ar Matcha (no 41,50 €/kg); (no 66,50 €/kg)",maxima.lv,,2.49,45.27,€/kg
"Želeja KONJAC TARAMI, 150 g, ar persiku vai vīnogu garšu (8,60 €/kg)",maxima.lv,1.99,1.29,8.60,€/kg
"Žāvēts mango FRUNICA, 500 g (9,98 €/kg)",maxima.lv,9.99,4.99,9.98,€/kg
"Jūraszāļu uzkoda, 1 iepak./3x 4 g, ORIGINAL vai BBQ (115,83 €/kg)",maxima.lv,1.99,1.39,347.50,€/kg
"Jūraszāļu uzkoda TAO KAE NOI, 3 g, ORIGINAL vai BBQ (163,33 €/kg)",maxima.lv,0.99,0.49,163.33,€/kg
"Jūras aļģu uzkoda TAO KAE NOI, 32 g, ORIGINAL vai ar japāņu mērci (74,69 €/kg)",maxima.lv,3.99,2.39,74.69,€/kg
"Lašu čipsi ZEN ZEN, 70 g, divi veidi (32,71 €/kg)",maxima.lv,3.49,2.29,32.71,€/kg
"Rīsu krekeri WANT WANT, 100 g, ar vistas un lociņu vai medus sinepju garšu (19,90 €/kg)",maxima.lv,2.99,1.99,19.90,€/kg
"Kraukšķīgas nūdeļu uzkodas ar Ramen garšu, 60 g, CURRY vai ORIGINAL (24,83 €/kg)",maxima.lv,2.49,1.49,24.83,€/kg
"Ātri pagatavojamās nūdeles SAMYANG, 70 g vai 80 g, vistas&siera vai Carbonara (no 24,88 €/kg)",maxima.lv,2.99,1.99,28.43,€/kg
"Ātri pagatavojamās nūdeles SAMYANG, 130 g vai 140 g, Carbonara vai vistas un siera Ramen (no 12,07 €/kg)",maxima.lv,1.99,1.69,13.00,€/kg
"Rīsu klimpas YOPOKKI, 120 g vai 140 g, Jangjang mērcē vai saldi asās (no 18,50 €/kg); (no 23,50 €/kg)",maxima.lv,,2.59,21.58,€/kg
Āzijas virtuves produktiem SANTA MARIA,maxima.lv,,,,
Āzijas virtuves produktiem un piederumiem FUDO,maxima.lv,,,,
Āzijas virtuves produktiem KIKKOMANN,maxima.lv,,,,
Ātri pagatavojamiem produktiem MAGGI ASIA,maxima.lv,,,,
Āzijas virtuves produktiem SEMPIO,maxima.lv,,,,
Ātri pagatavojamām nūdelēm NAMDONG,maxima.lv,,,,
Nūdeļu ēdieniem OYAKATA,maxima.lv,,,,
Ātri pagatavojamiem produktiem NONGSHIM,maxima.lv,,,,
"Grauzdēti zemesrieksti KHAO SHONG ar soju, 140 g (28,50 €/kg)",maxima.lv,6.15,3.99,28.50,€/kg
"Garneļu čipsi VIFON ar maigu garšu, 100 g (19,90 €/kg)",maxima.lv,2.29,1.99,19.90,€/kg
"Kartupeļu plāksnes LONGCHIPS, 75 g, ar vasabi vai saldais čili (9,20 €/kg); (10,53 €/kg)",maxima.lv,,0.69,9.20,€/kg
"Basmati rīsi CROWN OF HIMALAYA, 800 g (4,11 €/kg); (4,99 €/kg)",maxima.lv,,3.29,4.11,€/kg
"Vista ar rīsiem ASIA COOK, 400 g, divi veidi (9,98 €/kg)",maxima.lv,4.99,3.99,9.98,€/kg
"Uzkoda SPRING ROLLS ASIA COOK, 278 g, ar dārzeņiem vai vistu (8,24 €/kg)",maxima.lv,2.89,2.29,8.24,€/kg
"Mango kubiciņi vai dārzeņu maisījums BAUER, 300 g vai 400 g (no 3,73 €/kg); (no 4,73 €/kg)",maxima.lv,,1.49,4.97,€/kg
"Saldējums HÄAGEN-DAZS MATCHA, 400 g (14,98 €/kg); (23,23 €/kg)",maxima.lv,,5.99,14.98,€/kg
Želejas desertiem NANACO,maxima.lv,,,,
"Bao maizītes ar pīli hoisina mērcē VIČI, 270 g (9,59 €/kg); (14,78 €/kg)",maxima.lv,,2.59,9.59,€/kg
"Garneles NOWACO, 225 g, daļēji ceptas vai vārītas (15,51 €/kg); (26,62 €/kg)",maxima.lv,,3.49,15.51,€/kg
"Jūras velšu kokteilis GARDI ĒDIS, 400 g (15,98 €/kg); (23,23 €/kg)",maxima.lv,,6.39,15.98,€/kg
"Poke ar lasi, 350 g (10,26 €/kg)",maxima.lv,4.49,3.59,10.26,€/kg
"Wok ar olu nūdelēm un cāļa fileju, 350 g (9,40 €/kg)",maxima.lv,3.99,3.29,9.40,€/kg
"Sendvičs ar vistu un Čedaras sieru HOT RAMEN, 265 g (11,28 €/kg)",maxima.lv,3.79,2.99,11.28,€/kg
"Kimchi kāposti DONGWON, 160 g (15,56 €/kg)",maxima.lv,3.49,2.49,15.56,€/kg
"Jūras kāpostu salāti korejiešu gaumē, 200 g (6,45 €/kg); (8,95 €/kg)",maxima.lv,,1.29,6.45,€/kg
"Jūras velšu kokteilis eļļā VIČI, 240 g (22,88 €/kg)",maxima.lv,6.99,5.49,22.88,€/kg
"Sarkani suši ikri MASAGO SUDRABLĪNIS, 80 g (33,63 €/kg)",maxima.lv,3.29,2.69,33.62,€/kg
"Surimi nūdeles ATLANTIKA, 250 g, atdzesētas (6,76 €/kg)",maxima.lv,2.69,1.69,6.76,€/kg
"Surimi nūjiņas VIČI, 500 g, atdzesētas (7,98 €/kg); (11,98 €/kg)",maxima.lv,,3.99,7.98,€/kg
"Cāļa gaļa Āzijas marinādē BAUSKA, 500 g (6,98 €/kg)",maxima.lv,4.99,3.49,6.98,€/kg
"Cāļa pusspārni citrona-ingvera marinādē KGS, 1 kg, fasēti",maxima.lv,6.99,3.99,3.99,€/kg
"Cāļa filejas strēmelītes Honkongas mērcē RĪGAS MIESNIEKS, 400 g (7,48 €/kg)",maxima.lv,4.49,2.99,7.48,€/kg
"Cāļu kājas SWEET&SOUR marinādē RĪGAS MIESNIEKS, 800 g (4,99 €/kg)",maxima.lv,6.99,3.99,4.99,€/kg
"Cūkgaļas krūtiņa kurkumas-garšaugu marinādē, 450 g (9,98 €/kg)",maxima.lv,5.49,4.49,9.98,€/kg
"Zivju mērce SQUID BRAND, 300 ml (7,30 €/l)",maxima.lv,3.29,2.19,7.30,€/l
Atdzesētajām zivīm un jūras veltēm,maxima.lv,,,,
"Pasiflora, 120 g (12,42 €/kg)",maxima.lv,2.49,1.49,12.42,€/kg
"Ananasi, 1 kg",maxima.lv,1.99,1.49,1.49,€/kg
"Sēnes SHIMEJI, 150 g, baltās vai brūnās (9,27 €/kg)",maxima.lv,1.79,1.39,9.27,€/kg
"Ingvers, 1 kg",maxima.lv,4.99,3.49,3.49,€/kg
"Fermentēti dārzeņi Kimchi DIMDIŅI, 250 g (7,16 €/kg)",maxima.lv,2.29,1.79,7.16,€/kg
"Telpaugs KURKUMA jeb SIĀMAS TULPE, 1 gab., Ø14 cm",maxima.lv,9.99,5.99,,
"Gāzēts dzēriens OKF, 350 ml, POMEGRANATE vai CHERRY BLOSSOM (2,26 €/l)",maxima.lv,1.69,0.79,2.26,€/l
"Bazilika sēklu dzēriens THAI COCO, 290 ml, ar mango vai granātābolu garšu (3,41 €/l)",maxima.lv,1.49,0.99,3.41,€/l
"Dzēriens ALEO ALOE VERA, 500 ml, Premium vai mango (2,38 €/l)",maxima.lv,1.39,1.19,2.38,€/l
"Matcha tēja MOKATE, 40 g, ar mango vai persiku garšu (199,75 €/kg)",maxima.lv,10.99,7.99,199.75,€/kg
"Kokosriekstu-sojas dzēriens ALPRO MATCHA, 1 l",maxima.lv,,2.49,2.49,€/l
"Virtuves nazis TRAMONTINA PLENUS, 1 gab., divi veidi",maxima.lv,,3.99,,
"Mājas aromāts AERON JAPAN, 1 gab., 50 ml, tris veidi (99,80 €/l); (199,80 €/l)",maxima.lv,,4.99,99.80,€/l
"Konstruktors LEGO 10281, 1 gab., Bonsai kociņš",maxima.lv,,39.99,,
"Konstruktors LEGO 31218, 1 gab., Japānas ķiršu ziedi",maxima.lv,,89.99,,
"Bļoda AURORA ASIA, 1 gab., Ø11 cm",maxima.lv,,1.79,,
"Šķīvis ar irbulīšiem AURORA ASIA, 1 gab., Ø24 cm",maxima.lv,,4.99,,
"Panna WOK UNIWELL, 1 gab., Ø28 cm",maxima.lv,,14.99,,
"Āboli ROYAL GALA, 1 kg",maxima.lv,,1.99,1.99,€/kg
"Apelsīni WELL DONE, 1 kg, fasēti",maxima.lv,,1.99,1.99,€/kg
"Lielie bumbieri CONFERENCE, 1 kg",maxima.lv,,1.99,1.99,€/kg
"Avokado, 1 gab.",maxima.lv,,0.85,,
"Zaļumu komplekts, 70 g
                            (16,43 €/kg)",maxima.lv,,1.15,16.43,€/kg
"Kāposti ĶĪNAS, 1 kg",maxima.lv,,1.39,1.39,€/kg
"Ķiploki, 100 g
                            (7,90 €/kg)",maxima.lv,,0.79,7.90,€/kg
"Sagriezts baltais kāposts FIT&EASY, 300 g
                            (2,63 €/kg)",maxima.lv,,0.79,2.63,€/kg
"Rukola vai spināti WELL DONE, 100 g
                            (9,90 €/kg)",maxima.lv,,0.99,9.90,€/kg
"Mini saldā paprika WELL DONE, 150 g
                            (9,00 €/kg)",maxima.lv,,1.35,9.00,€/kg
"Gurķi MINI STARS, 250 g
                            (6,76 €/kg)",maxima.lv,,1.69,6.76,€/kg
"Oranžie mini plūmju tomāti WELL DONE, 250 g
                            (6,76 €/kg)",maxima.lv,,1.69,6.76,€/kg
"Sviesta ķirbis, 1 kg",maxima.lv,,1.19,1.19,€/kg
"Šampinjoni, 1 kg",maxima.lv,,3.99,3.99,€/kg
"Sarkanie sīpoli, 1 kg",maxima.lv,,0.69,0.69,€/kg
"Aveņu tomāti, 1 kg",maxima.lv,1.99,1.49,1.49,€/kg
"Mellenes spainīši, 400 g (11,23 €/kg)",maxima.lv,5.49,4.49,11.22,€/kg
"Tumšās plūmes LEPOTIKA, 1 kg",maxima.lv,1.29,0.89,0.89,€/kg
"Lielie apelsīni, 1 kg",maxima.lv,1.99,1.19,1.19,€/kg
"Bumbieri GUYOT, 1 kg",maxima.lv,1.69,1.39,1.39,€/kg
"Saldā kukurūza, 1 gab.",maxima.lv,1.19,0.79,,
"Ziedkāposti, 1 gab.",maxima.lv,1.99,1.59,,
"Baltā paprika, 1 kg",maxima.lv,2.49,1.99,1.99,€/kg
"Kartupeļi LIEPSĒTAS, 2,5 kg (0,56 €/kg)",maxima.lv,1.79,1.39,0.56,€/kg
"Skābēti kāposti ar burkāniem SPICIE, 850 g (1,05 €/kg)",maxima.lv,1.29,0.89,1.05,€/kg
Puķu sīpoliņiem,maxima.lv,,,,
"Grieztie ziedi ROZES, 1 iepak./15 gab.",maxima.lv,4.99,2.99,,
"Āra augs VIRSIS, 1 gab., Ø11 cm",maxima.lv,3.99,1.99,,
"Telpaugs ROZE, 1 gab., Ø13 cm, dažādas krāsas",maxima.lv,3.99,2.99,,
"Sviests ZEMNIEKU, 200 g, 82% (6,45 €/kg); (15,95 €/kg)",maxima.lv,,1.29,6.45,€/kg
"Skābais krējums TALSU, 400 g, 25% (3,73 €/kg)",maxima.lv,1.99,1.49,3.72,€/kg
"Jogurts FANTASIA, 104 g vai 120 g, ar MARS vai M&Ms garšu (no 8,25 €/kg); (no 12,42 €/kg)",maxima.lv,,0.99,9.52,€/kg
"Kefirs TALSU, 1 kg, 2,5%",maxima.lv,1.39,0.99,0.99,€/kg
Piena produktiem STRAUPE,maxima.lv,,,,
"Piens LIMBAŽU PIENS, 1 l, 2,5%",maxima.lv,1.37,0.99,0.99,€/l
"Sviests GHEE KHANUM, 500g (13,98 €/kg); (25,98 €/kg)",maxima.lv,,6.99,13.98,€/kg
"Provansas vai baraviku majonēze SPILVA, 250 g (4,36 €/kg); (no 5,56 €/kg)",maxima.lv,,1.09,4.36,€/kg
"Proteīna smūtijs SMILTENE ar ananasu-mango garšu, 460 g (4,33 €/kg); (5,20 €/kg)",maxima.lv,,1.99,4.33,€/kg
"Biezpiena krēms EMMA, 2x 200 g, ar mango vai meža ogu garšu (3,73 €/kg)",maxima.lv,2.98,1.49,7.45,€/kg
"Jogurts BALTAIS, 380 g, divi veidi (3,13 €/kg); (3,66 €/kg)",maxima.lv,,1.19,3.13,€/kg
"Tilzītes vai Holandes siers CESVAINE, 300 g, šķēlītes (11,63 €/kg); (15,63 €/kg)",maxima.lv,,3.49,11.63,€/kg
"Kausētais siers INALPI šķēlēs, 200 g",maxima.lv,3.98,3.00,15.00,€/kg
"Kūpināts kausētais siers RAMBYNO SNACK, 75 g, klasiskais vai ar šķiņķi (15,87 €/kg); (19,87 €/kg)",maxima.lv,,1.19,15.87,€/kg
"Siers MAASDAM LANDANA, 1 kg",maxima.lv,12.99,7.99,7.99,€/kg
"Tilzītes siers JAUNPILS, 1 kg",maxima.lv,11.99,6.99,6.99,€/kg
"Cāļa krūtiņas fileja gabalos WELL DONE, 400 g (7,48 €/kg)",maxima.lv,3.87,2.99,7.48,€/kg
"Cūkgaļas maltā masa FOREVERS, 1 kg, fasēta",maxima.lv,5.99,4.69,4.69,€/kg
"Cūkgaļas kakla karbonāde šķēles WELL DONE, 360 g (6,08 €/kg)",maxima.lv,2.89,2.19,6.08,€/kg
"Cāļa stilbi bez antibiotikām WELL DONE, 500 g (3,70 €/kg)",maxima.lv,1.99,1.85,3.70,€/kg
"Cāļa pusspārni brūkleņu marinādē LIDO, 400 g (6,48 €/kg)",maxima.lv,3.49,2.59,6.48,€/kg
"Cūkgaļas kakla karbonādes steiks sīpolu-paprikas marinādē, 200 g (14,95 €/kg)",maxima.lv,3.69,2.99,14.95,€/kg
"Cūkgaļas bekona šašliks RĪGAS MIESNIEKS, 800 g (4,99 €/kg)",maxima.lv,7.99,3.99,4.99,€/kg
"Cāļa cepamdesiņas ar garšaugiem WELL DONE, 400g (5,48 €/kg)",maxima.lv,2.69,2.19,5.48,€/kg
"Vistas gaļas šašliks RGK, 800 g, girosa marinādē (6,24 €/kg)",maxima.lv,5.99,4.99,6.24,€/kg
"Lēni gatavotas ribiņas Āzijas gaumē RĪGAS MIESNIEKS, 400g (13,73 €/kg)",maxima.lv,6.99,5.49,13.72,€/kg
"Cūkgaļas šašliks jogurta marinādē WELL DONE, 800g (5,86 €/kg)",maxima.lv,5.99,4.69,5.86,€/kg
"Tilapijas fileja kaņepju sēklu marinādē WELL DONE, 200 g (14,95 €/kg)",maxima.lv,4.49,2.99,14.95,€/kg
"Sama fileja bez ādas WELL DONE, 170 g (17,59 €/kg)",maxima.lv,4.49,2.99,17.59,€/kg
"Baltkāju garneles ar galvu čaulā VIČI, 300 g, 60/70, vāritas (10,63 €/kg)",maxima.lv,7.99,3.19,10.63,€/kg
"Pusžāvēta Prāgas servelāde vai Doktora desa ar krējuma garšu ĀDAŽI, 700 g vai 800 g (no 3,74 €/kg); (no 5,36 €/kg)",maxima.lv,,2.99,4.27,€/kg
"Pusžāvēta Servelāde RGK, 400 g (6,23 €/kg)",maxima.lv,3.99,2.49,6.22,€/kg
"Dūmdesa ar ķiplokiem NEPARASTĀ RĪGAS MIESNIEKS, 110 g (14,45 €/kg); (19,91 €/kg)",maxima.lv,,1.59,14.45,€/kg
"Karsti kūpināta Krakovas desa JELGAVA, 450 g (5,76 €/kg); (7,67 €/kg)",maxima.lv,,2.59,5.76,€/kg
"Tītara vai cāļa gaļas nageti ĀDAŽI, 500 g (4,98 €/kg)",maxima.lv,4.99,2.49,4.98,€/kg
"Pusžāvētas cepamdesiņas ar sieru LIDO, 300 g (13,63 €/kg)",maxima.lv,6.49,4.09,13.63,€/kg
"Auksti kūpināta makrele KAIJA, 250 g, vakuumā (14,76 €/kg); (19,96 €/kg)",maxima.lv,,3.69,14.76,€/kg
"Surimi nūjiņas VIČI, 2x 300 g, atdzesētas (6,65 €/kg)",maxima.lv,7.98,3.99,13.30,€/kg
"Moivas ikru krēms ar garnelēm ZIGMAS, 160 g (14,94 €/kg); (19,94 €/kg)",maxima.lv,,2.39,14.94,€/kg
"Siļķu filejas gabaliņi ar sīpoliem marinādē VIČI, 500 g (7,98 €/kg); (11,78 €/kg)",maxima.lv,,3.99,7.98,€/kg
"Ceptas reņģes tomātu mērcē BRIIS, 270g (3,30 €/kg)",maxima.lv,2.19,0.89,3.30,€/kg
"Šprotes eļļā KAIJA, 190 g (12,05 €/kg); (15,74 €/kg)",maxima.lv,,2.29,12.05,€/kg
"Torte SNIKERĪTIS, 830 g (14,45 €/kg)",maxima.lv,12.99,11.99,14.45,€/kg
"Siera salāti ar burkāniem, 200g (8,45 €/kg)",maxima.lv,1.99,1.69,8.45,€/kg
"Dzērveņu uzpūtenis, 150g (7,27 €/kg)",maxima.lv,1.29,1.09,7.27,€/kg
"Liellopa gaļas salāti, 200 g (8,95 €/kg)",maxima.lv,1.99,1.79,8.95,€/kg
"Kārtainie tunzivs salāti, 450 g (9,98 €/kg)",maxima.lv,5.29,4.49,9.98,€/kg
"Aukstā gaļa, 300 g, trīs veidi (6,63 €/kg)",maxima.lv,2.39,1.99,6.63,€/kg
"Pikantais vraps ar vistas girosu, 240 g (10,79 €/kg)",maxima.lv,2.99,2.59,10.79,€/kg
"Cūkgaļas plovs, 350 g (7,69 €/kg)",maxima.lv,2.99,2.69,7.69,€/kg
"Pankūkas ar vistas gaļas pildījumu, 400 g (7,48 €/kg)",maxima.lv,3.69,2.99,7.48,€/kg
"Torte Karaliene PELLIJA, 700 g (9,99 €/kg)",maxima.lv,7.49,6.99,9.99,€/kg
"Torte BANĀNU, 900 g (11,10 €/kg)",maxima.lv,10.99,9.99,11.10,€/kg
"Groziņi ZEFĪRA, 1 iepak./2x 70 g (13,50 €/kg)",maxima.lv,2.29,1.89,27.00,€/kg
"Deserts BIEZPIENA TORTE, 110 g, ar melleņu vai ķiršu ievārījumu (13,55 €/kg)",maxima.lv,1.89,1.49,13.55,€/kg
Konditorejas izstrādājumiem TASTE STORY,maxima.lv,,,,
"Uzkoda PICCETTA ar vistas gaļu, 90 g (8,78 €/kg)",maxima.lv,0.99,0.79,8.78,€/kg
"Maizīte ar pekanriekstiem un kļavu sirupu, 2x 88 g (5,68 €/kg)",maxima.lv,1.18,1.00,11.36,€/kg
"Pirādziņš ar krēmīgu persiku pildījumu, 92 g (6,41 €/kg)",maxima.lv,0.69,0.59,6.41,€/kg
Maizēm ZELTENE,maxima.lv,,,,
Maizēm LATVIJAS TOST,maxima.lv,,,,
Maizēm FAZER STREET FOOD,maxima.lv,,,,
Maizēm SVAIGI CEPTA TEV!,maxima.lv,,,,
"Saldējums BEN&JERRY'S, 360 g vai 406 g, trīs veidi (no 12,29 €/kg); (no 24,61 €/kg)",maxima.lv,,4.99,13.86,€/kg
"Saldējums MINI KARLSONS, 1 iepak./6x 40 g (10,79 €/kg); (20,38 €/kg)",maxima.lv,,2.59,64.75,€/kg
"Putukrējuma saldējums ar zemeņu ievārījumu MR BIG, 94 g (8,40 €/kg); (15,85 €/kg)",maxima.lv,,0.79,8.40,€/kg
"Pica SUPREMA, 487 g vai 520 g, CALABRESE NDUJA vai SALAME ROMANO (no 8,25 €/kg); (no 13,44 €/kg)",maxima.lv,,4.29,8.81,€/kg
"Dārzeņu maisījums WELL DONE MEXICAN, 400 g (2,48 €/kg)",maxima.lv,1.69,0.99,2.48,€/kg
"Saldēti pelmeņi ar vistas gaļu RGK, 350 g (6,54 €/kg)",maxima.lv,2.99,2.29,6.54,€/kg
"Hinkaļi VECMĀMIŅAS ORIENTAL, 2x 700 g (3,92 €/kg)",maxima.lv,10.98,5.49,7.84,€/kg
Marinētajiem gurķiem SPILVA,maxima.lv,,,,
Ātri pagatavojamām maltītēm KOK,maxima.lv,,,,
"Pupiņas SPILVA meksikāņu gaumē, 560 g (4,45 €/kg); (6,52 €/kg)",maxima.lv,,2.49,4.45,€/kg
"Olīvu izspaidu eļļa LA ESPANOLA, 1 l",maxima.lv,7.99,4.99,4.99,€/l
"Adžikas mērce vai Klasiskais kečups PŪRE, 450 g vai 500 g (no 4,38 €/kg); (no 6,78 €/kg)",maxima.lv,,2.19,4.87,€/kg
"Zaļās olīvas FEUDO VERDE, 300 g, ar lasi vai papriku (4,97 €/kg)",maxima.lv,1.69,1.49,4.97,€/kg
"Musli batoniņš MIO&RIO, 20 g, trīs veidi (12,50 €/kg)",maxima.lv,0.29,0.25,12.50,€/kg
"Ātri pagatavojamā auzu pārslu putra AXA, 40 g, trīs veidi (9,75 €/kg); (13,75 €/kg)",maxima.lv,,0.39,9.75,€/kg
"Kviešu milti HERKULESS, 2 kg (0,83 €/kg); (1,30 €/kg)",maxima.lv,,1.65,0.82,€/kg
Garšvielām WELL DONE,maxima.lv,,,,
Cukuriem WELL DONE,maxima.lv,,,,
"Zefirs ar krāsainām vai kakao skaidiņām PUFF, 120 g, RAINBOW vai CHOCO (9,92 €/kg)",maxima.lv,1.99,1.19,9.92,€/kg
"Piena šokolāde MILKA, 250 g vai 300 g, trīs veidi (no 14,97 €/kg)",maxima.lv,4.99,4.49,17.96,€/kg
"Šokolāde PERGALE, 100 g, ar mango vai meža ogu pildījumu (11,90 €/kg)",maxima.lv,1.79,1.19,11.90,€/kg
Saldumiem LION,maxima.lv,,,,
"Šokolādes batoniņi SNICKERS vai TWIX, 1 iepak./5 gab., 250g (11,96 €/kg); (23,96 €/kg)",maxima.lv,,2.99,11.96,€/kg
"Želejkonfektes ZOZOLE, 75 g, RAINBOW vai SOUR STRAWBERRY (8,67 €/kg)",maxima.lv,0.79,0.65,8.67,€/kg
"Šokolādes konfektes VALURIELE MARII vai LAMAITA, 1 kg",maxima.lv,8.63,5.99,5.99,€/kg
"Maigie sāļie krekeri, 1 kg",maxima.lv,3.99,2.99,2.99,€/kg
"Prjaņiki VIRPULIS, 1 kg",maxima.lv,6.99,4.99,4.99,€/kg
"Kartupeļu plāksnes LONGCHIPS, 75 g (9,20 €/kg); (10,53 €/kg)",maxima.lv,,0.69,9.20,€/kg
"Kukurūzas uzkoda CHEETOS, 145 g vai 165 g, četri veidi (no 10,85 €/kg); (no 18,12 €/kg)",maxima.lv,,1.79,12.34,€/kg
"Kartupeļu čipsi LAY'S, 130 g, četri veidi (13,00 €/kg); (20,69 €/kg)",maxima.lv,,1.69,13.00,€/kg
"Žāvētas dateles PREMIUM ARIMEX bez kauliņiem, 300 g (7,63 €/kg); (11,30 €/kg)",maxima.lv,,2.29,7.63,€/kg
"Studentu brokastis ARIMEX PREMIUM, 500 g (12,98 €/kg); (17,98 €/kg)",maxima.lv,,6.49,12.98,€/kg
"Pistācijas ARIMEX, 1 kg, grauzdētas, sālītas",maxima.lv,,13.99,13.99,€/kg
"Cepumi SELGA, 180 g (4,94 €/kg); (7,17 €/kg)",maxima.lv,,0.89,4.94,€/kg
"Cepumi OREO, 220 g, GOLDEN vai ORIGINAL (9,05 €/kg); (14,50 €/kg)",maxima.lv,,1.99,9.05,€/kg
"Plānās sausmaizītes FINN CRISP ORIGINAL, 200 g (8,45 €/kg); (10,75 €/kg)",maxima.lv,,1.69,8.45,€/kg
"Melnā vai zaļā tēja DILMAH, 100 g (17,90 €/kg); (no 24,90 €/kg)",maxima.lv,,1.79,17.90,€/kg
"Piparmētru-citronu tēja HERBITUM, 1 iepak./20x 2,5 g (33,80 €/kg); (51,80 €/kg)",maxima.lv,,1.69,676.00,€/kg
"Šķīstošā kafija MACCOFFEE STRONG 3IN1, 20 g (8,50 €/kg)",maxima.lv,0.22,0.17,8.50,€/kg
"Gāzēts dzēriens SELITA KLASIKA, 1,5 l, četri veidi (0,66 €/l); (0,99 €/l)",maxima.lv,,0.99,0.66,€/l
"Nektārs vai sulas dzēriens DON SIMON PREMIUM, 1 l, apelsīnu vai multivitamīnu",maxima.lv,,2.99,2.99,€/l
"Gāzēts dzēriens VENDEN, 570 ml, RE:CHARG vai RE:FRESH (2,09 €/l)",maxima.lv,1.49,1.19,2.09,€/l
"Dealkoholizēts dzirkstošais vīna dzēriens MIONETTO, 750 ml (5,32 €/l)",maxima.lv,4.59,3.99,5.32,€/l
"Ledus tēja FUZETEA ar persiku-hibiska garšu, 1,5 l (0,93 €/l); (1,50 €/l)",maxima.lv,,1.39,0.93,€/l
"Enerģijas dzēriens RED BULL, 250 ml, trīs veidi (4,76 €/l); (6,76 €/l)",maxima.lv,,1.19,4.76,€/l
"Lasis, 1 kg, atdzesēts",maxima.lv,,8.99,8.99,€/kg
"Sīpoli, 1 kg",maxima.lv,0.59,0.39,0.39,€/kg
"Kūtī dētas olas, 1 iepak./10 gab.",maxima.lv,,1.81,,
"Rapšu eļļa EXTRA LINE, 1 l",maxima.lv,,1.49,1.49,€/l
"Pērļu grūbas ZELTA SAULE, 1 iepak./4x 100 g
                            (3,48 €/kg)",maxima.lv,,1.39,13.90,€/kg
"Saldskābā maize MANA MAIZE, 800 g
                            (1,08 €/kg)",maxima.lv,,0.86,1.08,€/kg
"Piens FARM MILK, 1 l, 2%",maxima.lv,,0.54,0.54,€/l
"Cāļa gaļas nageti, 280 g
                            (10,54 €/kg)",maxima.lv,,2.95,10.54,€/kg
"Kūka krēma kārtojums ar ķiršiem, 400 g
                            (9,98 €/kg)",maxima.lv,,3.99,9.98,€/kg
"Karamelizēts iebiezinātais piens WELL DONE, 1 kg",maxima.lv,,4.99,4.99,€/kg
"Majonēze ĻUBIM, 300 g, 30% vai 67%
                            (3,30 €/kg)",maxima.lv,,0.99,3.30,€/kg
"Zemenes WELL DONE, 400 g
                            (3,73 €/kg)",maxima.lv,,1.49,3.72,€/kg
"Kartupeļi frī EXTRA LINE, 1 kg, rievoti",maxima.lv,,1.79,1.79,€/kg
"Cīsiņi bērniem Tiģerīši NĀKOTNE, 310 g
                            (7,06 €/kg)",maxima.lv,,2.19,7.06,€/kg
"Mini cīsiņi ČIK&GATAVS ĀDAŽI, 400 g
                            (4,98 €/kg)",maxima.lv,,1.99,4.98,€/kg
"Gaļas pastēte ARGETA, 95 g, četri veidi
                            (17,79 €/kg)",maxima.lv,,1.69,17.79,€/kg
"Karsti kūpināti laša mugurkauli WIDE OCEAN, 1 kg, vakuumā",maxima.lv,,3.99,3.99,€/kg
"Briedināts liellopa pleca steiks WELL DONE, 220 g
                            (31,77 €/kg)",maxima.lv,,6.99,31.77,€/kg
"Liellopa maltā gaļa WELL DONE, 400 g
                            (8,88 €/kg)",maxima.lv,,3.55,8.88,€/kg
"Konservēta tunzivs WELL DONE, 1 iepak./3x 80 g, trīs veidi
                            (14,54 €/kg)",maxima.lv,,3.49,43.62,€/kg
"Tomātu mērce LIDO, 440 g, klasiskā
                            (5,20 €/kg)",maxima.lv,,2.29,5.20,€/kg
"Olīveļļa WELL DONE, 750 ml, Extra Virgin
                            (9,32 €/l)",maxima.lv,,6.99,9.32,€/l
"Musli batoniņš HERKULESS, 25 g
                            (15,60 €/kg)",maxima.lv,,0.39,15.60,€/kg
"Proteīna batoniņš OSHEE, 49 g, zemesriekstu vai vaniļas-karameļu
                            (46,73 €/kg)",maxima.lv,,2.29,46.73,€/kg
"Šokolādes trifeles PŪRE ar pildījumu, 148 g, trīs veidi
                            (26,96 €/kg)",maxima.lv,,3.99,26.96,€/kg
"Piena šokolāde LAIMA, 90 g, trīs veidi
                            (22,11 €/kg)",maxima.lv,,1.99,22.11,€/kg
"Šokolādes ola KINDER JOY, 20 g
                            (69,50 €/kg)",maxima.lv,,1.39,69.50,€/kg
"Mīkstās vafeles WELL DONE, 250 g
                            (6,76 €/kg)",maxima.lv,,1.69,6.76,€/kg
"Makaroni DELVERDE, 250 g, FETUCCINE vai TAGLIATELLE NIDO
                            (5,56 €/kg)",maxima.lv,,1.39,5.56,€/kg
"Griķi WELL DONE, 1 iepak./8x 100 g
                            (2,36 €/kg)",maxima.lv,,1.89,18.90,€/kg
"Dažādu ziedu medus VINNIS, 500 g
                            (7,98 €/kg)",maxima.lv,,3.99,7.98,€/kg
"Šķīstošais kakao dzēriens NESQUIK, 300 g
                            (11,97 €/kg)",maxima.lv,,3.59,11.97,€/kg
"Biezenis OVKO ar gaļu un dārzeņiem, 190 g, divi veidi, 6+ vai 7+
                            (6,26 €/kg)",maxima.lv,,1.19,6.26,€/kg
"Malta kafija MERRILD IN CUP, 500 g
                            (16,98 €/kg)",maxima.lv,,8.49,16.98,€/kg
"Kafijas kapsulas LAVAZZA, 1 iepak./16x 7,5 g, ORO vai INTENSO
                            (51,58 €/kg)",maxima.lv,,6.19,825.33,€/kg
"Kafijas pupiņas AROMA GOLD ESPRESSO, 1 kg",maxima.lv,,15.99,15.99,€/kg
"Enerģijas dzēriens DYNAMI:T ORIGINAL, 568 ml
                            (2,02 €/l)",maxima.lv,,1.15,2.02,€/l
"Gāzēts dzēriens ORN CRAFT, 1,5 l, INDIAN vai ROSE",maxima.lv,,1.39,0.93,€/l
"Avota ūdens LIELBĀTA, 1,5 l, gāzēts vai negāzēts",maxima.lv,,0.89,0.59,€/l
"Šampūns vai kondicionieris SYOSS, 440 ml, dažādi veidi (10,20 €/l); (17,02 €/l)",maxima.lv,,4.49,10.20,€/l
"Dušas želeja NIVEA, 500 ml, MEN ACTIVE CLEAN vai LEMON & OIL (7,98 €/l); (13,58 €/l)",maxima.lv,,3.99,7.98,€/l
"Higiēniskās paketes ALWAYS, 1 iepak./10-20 gab., četri veidi (no 0,17 €/gab.); (no 0,25 €/gab.)",maxima.lv,,3.49,,
"Zobu birste JORDAN, 1 gab., 3-5 g.",maxima.lv,,1.99,398.00,€/kg
"Zobu pasta ELMEX JUNIOR, 75 ml, 6-12 g.  (49,20 €/l); (75,87 €/l)",maxima.lv,,3.69,49.20,€/l
"Zobu pasta COLGATE MAX, 75 ml, FRESH vai WHITE CRYSTAL (26,53 €/l); (43,87 €/l)",maxima.lv,,1.99,26.53,€/l
Produkcijai LIFESTYLES,maxima.lv,,,,
"Veļas mazgāšanas želeja PERWOLL, 2 l/40 m. r., BLOSSOM vai COLOR (4,25 €/l); (7,85 €/l)",maxima.lv,,8.49,4.24,€/l
"Veļas mīkstinātājs LENOR, 675 ml/32 m. r.  LOTUS FLOWER vai GOLD ORCHID (5,91 €/l); (9,17 €/l)",maxima.lv,,3.99,5.91,€/l
"Papīra dvieļi SERLA XXL, 1 rullis/400 loksnes, divi slāņi",maxima.lv,,2.49,,
"Tualetes bloks BREF COLOR AUTO ACTIVE, 1 iepak./3x 50 g, FLOW vai EUCALYPTUS (29,93 €/kg); (55,93 €/kg)",maxima.lv,,4.49,89.80,€/kg
"Cauruļu tīrīšanas līdzeklis HELPER, 1 l",maxima.lv,,1.49,1.49,€/l
Bērnu pārtikai SEMPER,maxima.lv,,,,
"Putra MILUPA, 225 g vai 250 g, 6+ vai 8+, trīs veidi (no 13,16 €/kg); (no 17,56 €/kg)",maxima.lv,,3.29,14.62,€/kg
"Paladziņi bērniem HAPPY, 1 iepak./10 gab., 60x90 cm (0,39 €/gab.); (0,60 €/gab.)",maxima.lv,,3.89,,
"Mitrās salvetes HUGGIES NATURE CARE, 1 iepak./3x 48 gab.  (0,02 €/gab.); (0,03 €/gab.)",maxima.lv,,2.99,,
Autiņbiksītēm PAMPERS PANTS,maxima.lv,,,,
Mājdzīvnieku aksesuāriem,maxima.lv,,,,
Dzīvnieku barībai ANIMONDA,maxima.lv,,,,
"Konservētā kaķu barība FELIX, 1 iepak./4x 85 g, trīs veidi (4,38 €/kg); (7,21 €/kg)",maxima.lv,,1.49,17.53,€/kg
"Sausā kaķu barība FRISKIES, 800 g, vistas vai liellopa gaļu un dārzeņiem (3,24 €/kg); (4,49 €/kg)",maxima.lv,,2.59,3.24,€/kg
"Sešstūra LED lampa QUANTUM HENSKE, 1 gab.",maxima.lv,,16.99,,
"Nakts lampa-projektors astronauts HENSKE, 1 gab.",maxima.lv,,9.99,,
"Galda apgaismojums HENSKE, 1 gab.",maxima.lv,,11.99,,
"Silikona lukturītis HENSKE, 1 gab.",maxima.lv,,6.99,,
"Uzlādējams lukturītis HENSKE, 1 gab.",maxima.lv,,7.99,,
"Kosmētiskais galda spogulis HENSKE BR-L075, 1 gab.",maxima.lv,,7.99,,
"Avārijas LED spuldze HENSKE, 1 gab., E27",maxima.lv,,3.99,,
"LED spuldzes PHILIPS, 1 iepak./2 gab., A60 vai A67, 60 W vai 100 W, E27 (1,25 €/gab.); (no 2,50 €/gab.)",maxima.lv,,2.49,,
"Pagarinātājs HENSKE, 1 gab., 3 m, 5 ligzdas",maxima.lv,,4.99,,
Dzijai,maxima.lv,,,,
Tekstila izstrādājumiem,maxima.lv,,,,
Galda piederumiem un darbarīkiem ēdiena pagatavošanai,maxima.lv,,,,
"Auto mitrās salvetes ROTZ, 1 iepak./40 gab.  (0,03 €/gab.); (0,06 €/gab.)",maxima.lv,,1.29,,
"Auto salona vai stiklu tīrīšanas līdzeklis ROTZ, 500 ml (3,58 €/l); (5,98 €/l)",maxima.lv,,1.79,3.58,€/l
"Sintētiskā eļļa WOLVER SUPERTEC 5W-30, 4 l (4,25 €/l); (7,25 €/l)",maxima.lv,,16.99,4.25,€/l
"Auto gaisa atsvaidzinātājs ROTZ, 1 gab., četri veidi",maxima.lv,,1.79,,
"Auto gaisa atsvaidzinātājs maisiņā ROTZ, 1 gab., četri veidi",maxima.lv,,0.99,,
"Auto gaisa atsvaidzinātājs pudelītē ROTZ, 6 ml, četri veidi (215,00 €/l); (415,00 €/l)",maxima.lv,,1.29,215.00,€/l
"Mikrošķiedras lupatiņa ROTZ, 1 gab., 30x40 cm, divi veidi",maxima.lv,,0.79,,
"Baterijas ENERGIZER AA vai AAA, 1 iepak./10 gab.  (0,40 €/gab.); (0,70 €/gab.)",maxima.lv,,3.99,,
"Sintētiskā eļļa WOLVER SUPERTEC 5W-30, 1 l",maxima.lv,,4.79,4.79,€/l
"Akumulatora zāģis STALWART, 1 gab., 21V",maxima.lv,,24.99,,
"Mērlente STALWART GW-5A84X, 1 gab., 5 m",maxima.lv,,2.99,,
"Akumulatora instrumentu komplekts SOLID, 1 gab., 21V",maxima.lv,,29.99,,
"Instrumentu kaste SOLID, 1 gab., 38x31x7 cm",maxima.lv,,6.99,,
"Ratskrūvgriežu uzgaļu komplekts STALWART, 1 iepak./115 gab.  (0,07 €/gab.); (0,13 €/gab.)",maxima.lv,,7.99,,
"Instrumentu komplekts STALWART, 1 iepak./57 gab.  (0,26 €/gab.); (0,53 €/gab.)",maxima.lv,,14.99,,
"Cirvis STALWART TW-AWP630-D, 1 gab., 630 g",maxima.lv,,4.99,7.92,€/kg
"Instrumentu soma STALWART, 1 gab., 40x24x25 cm",maxima.lv,,5.99,,
Darba instrumentiem un piederumiem,maxima.lv,,,,
Jog. SKYR ISLANDES bez pied.  400g (3.73 €/kg); (4.63 €/kg),maxima.lv,,1.49,3.72,€/kg
Saldais krējums RASA 35% 500ml (5.98 €/l); (7.70 €/l),maxima.lv,,2.99,5.98,€/l
Biezpiens 5% JAUNPILS 275g (6.15 €/kg); (7.60 €/kg),maxima.lv,,1.69,6.15,€/kg
Graudainais biezpiens BALTAIS 7% 500g (4.78 €/kg); (5.98 €/kg),maxima.lv,,2.39,4.78,€/kg
Krēmsiers BALTAIS KLASISKAIS 400g (6.73 €/kg); (8.48 €/kg),maxima.lv,,2.69,6.72,€/kg
Grieķu salātu siers BALTAIS 20% 250g (9.96 €/kg); (11.96 €/kg),maxima.lv,,2.49,9.96,€/kg
Sk. krējums BALTAIS 20% 500g (3.98 €/kg); (5.78 €/kg),maxima.lv,,1.99,3.98,€/kg
Krēmsiers BALTAIS KLASISKAIS 150g (9.93 €/kg); (11.93 €/kg),maxima.lv,,1.49,9.93,€/kg
Biezpiena sieriņš KĀRUMS ar mango 45g (8.67 €/kg); (11.56 €/kg),maxima.lv,,0.39,8.67,€/kg
Jog. TURKU BALTAIS bez piedevām 300g (3.30 €/kg); (4.83 €/kg),maxima.lv,,0.99,3.30,€/kg
"Piens LIMBAŽU 2,5% 1,5L (0.93 €/l); (1.35 €/l)",maxima.lv,,1.39,0.93,€/l
Jog. MULLER MIX ar šok. bumb. 130g (6.08 €/kg); (7.62 €/kg),maxima.lv,,0.79,6.08,€/kg
Jog. MULLER MIX makad.  ar šok. zvaigz. 130g (6.08 €/kg); (7.62 €/kg),maxima.lv,,0.79,6.08,€/kg
Siers SMILTENE Klasiskais šķēlēs 150g (13.27 €/kg); (15.93 €/kg),maxima.lv,,1.99,13.27,€/kg
Biezpiena sieriņš KĀRUMS vaniļas 45g (8.67 €/kg); (11.56 €/kg),maxima.lv,,0.39,8.67,€/kg
Biezpiena sieriņš KĀRUMS kokosr.  45g (8.67 €/kg); (11.56 €/kg),maxima.lv,,0.39,8.67,€/kg
Biezpiena sieriņš KĀRUMS karameļu 45g (8.67 €/kg); (11.56 €/kg),maxima.lv,,0.39,8.67,€/kg
Biezpiena sieriņš KĀRUMS šokolādes 45g (8.67 €/kg); (11.56 €/kg),maxima.lv,,0.39,8.67,€/kg
Skābpiena dzēriens AYRAN Baltais 500ml (1.98 €/l); (2.78 €/l),maxima.lv,,0.99,1.98,€/l
Kausētais siers DZINTARS klasiskais 200g (8.95 €/kg); (11.45 €/kg),maxima.lv,,1.79,8.95,€/kg
Kausētais siers DZINTARS ar šķiņķi 200g (8.95 €/kg); (11.75 €/kg),maxima.lv,,1.79,8.95,€/kg
Dzeram. jogurts Skyr ar sāļo karam.  700g (2.41 €/kg); (3.07 €/kg),maxima.lv,,1.69,2.41,€/kg
Dzeram. jogurts Skyr m. zem.  maskarp. 700g (2.41 €/kg); (3.07 €/kg),maxima.lv,,1.69,2.41,€/kg
Jogurta dzēr. Super brok. pers. mar. čia700g (2.41 €/kg); (3.13 €/kg),maxima.lv,,1.69,2.41,€/kg
Dz.  jog.  Super Brokastis mango-čia 700g (2.41 €/kg); (3.13 €/kg),maxima.lv,,1.69,2.41,€/kg
"Vājpiena biezpiens bez laktozes 0,5%275g (7.24 €/kg); (10.73 €/kg)",maxima.lv,,1.99,7.24,€/kg
Skābais krējums SMILTENE 15% 400g (3.73 €/kg); (4.73 €/kg),maxima.lv,,1.49,3.72,€/kg
Piena dz. MULLERMILCH karam. cep. šok.  400g (2.98 €/kg); (4.13 €/kg),maxima.lv,,1.19,2.98,€/kg
Rīvēts siers picai DZIUGAS 43% 200g (13.45 €/kg); (15.95 €/kg),maxima.lv,,2.69,13.45,€/kg
Rīvēts siers salātiem DZIUGAS 40% 200g (13.45 €/kg); (15.95 €/kg),maxima.lv,,2.69,13.45,€/kg
Rīv. siers makaroniem DZIUGAS 42% 200g (13.45 €/kg); (15.95 €/kg),maxima.lv,,2.69,13.45,€/kg
Biezpiena sieriņš KĀRUMS zemeņu 45g (8.67 €/kg); (11.56 €/kg),maxima.lv,,0.39,8.67,€/kg
Rīvēts puscietais siers SMILTENE 250g (11.96 €/kg); (15.96 €/kg),maxima.lv,,2.99,11.96,€/kg
Siers Mozzarella GRANAROLO 40% 100g (4.95 €/kg); (6.45 €/kg),maxima.lv,,0.99,9.90,€/kg
Jogurts Mix ar vafelēm MULLER 130g (6.08 €/kg); (7.62 €/kg),maxima.lv,,0.79,6.08,€/kg
Biezp. sieriņš KĀRUMS magoņu plomb.  45g (8.67 €/kg); (11.56 €/kg),maxima.lv,,0.39,8.67,€/kg
Kulinārijas biezpiens BALTAIS 1kg (3.29 €/kg); (3.99 €/kg),maxima.lv,,3.29,3.29,€/kg
Siers SMILTENE Liesais 16% šķēles 150g (13.27 €/kg); (18.60 €/kg),maxima.lv,,1.99,13.27,€/kg
Siers SMILTENE Holandes 45% šķēles 150g (13.27 €/kg); (18.60 €/kg),maxima.lv,,1.99,13.27,€/kg
Siers SMILTENE Maasdamer šķēles 150g (13.27 €/kg); (18.60 €/kg),maxima.lv,,1.99,13.27,€/kg
Biezpiena sieriņš banānu KĀRUMS 45g (8.67 €/kg); (11.56 €/kg),maxima.lv,,0.39,8.67,€/kg
Jogurts Oga BALTAIS mango 1kg (1.49 €/kg); (1.79 €/kg),maxima.lv,,1.49,1.49,€/kg
Biezpiena sieriņš KĀRUMS melleņu 45g (8.67 €/kg); (11.56 €/kg),maxima.lv,,0.39,8.67,€/kg
Raudz. piena prod. LAKTO bez laktozes 200g (4.95 €/kg); (6.25 €/kg),maxima.lv,,0.99,4.95,€/kg
Raudz. prod. LAKTO meža zem. bez lakt. 200g (4.95 €/kg); (6.25 €/kg),maxima.lv,,0.99,4.95,€/kg
Raudz. prod. LAKTO aveņu bez lakt. 200g (4.95 €/kg); (6.25 €/kg),maxima.lv,,0.99,4.95,€/kg
Proteīna biezp. krēms vaniļ. BALTAIS 200g (6.95 €/kg); (8.45 €/kg),maxima.lv,,1.39,6.95,€/kg
Proteīna biezp. krēms zemeņu BALTAIS 200g (6.95 €/kg); (8.45 €/kg),maxima.lv,,1.39,6.95,€/kg
Jogurts Grieķu BALTAIS 1kg (3.49 €/kg); (4.19 €/kg),maxima.lv,,3.49,3.49,€/kg
Biezp. sieriņš bez lakt. KĀRUMS persik. 40g (9.75 €/kg); (13.00 €/kg),maxima.lv,,0.39,9.75,€/kg
Biezp. sieriņš bez lakt. KĀRUMS vaniļ. 40g (9.75 €/kg); (13.00 €/kg),maxima.lv,,0.39,9.75,€/kg
Biezp. sieriņš bez lakt. KĀRUMS aveņu 40g (9.75 €/kg); (13.00 €/kg),maxima.lv,,0.39,9.75,€/kg
Piena dzēr. MULLERMILCH Prot. cepumu 400g (4.48 €/kg); (5.98 €/kg),maxima.lv,,1.79,4.48,€/kg
Piena dzēriens MULLERMILCH aveņu 400g (2.98 €/kg); (4.13 €/kg),maxima.lv,,1.19,2.98,€/kg
Piena dzēr. MULLERMILCH Protein aveņu400g (4.48 €/kg); (5.98 €/kg),maxima.lv,,1.79,4.48,€/kg
Jog. dzer. ProteinFit BALTAIS vaniļas 250g (5.16 €/kg); (6.76 €/kg),maxima.lv,,1.29,5.16,€/kg
Jog. dzer. ProteinFit BALTAIS zemeņu 250g (5.16 €/kg); (6.76 €/kg),maxima.lv,,1.29,5.16,€/kg
Siers Tilsiter JAUNPILS šķēlēs 150g (11.27 €/kg); (13.27 €/kg),maxima.lv,,1.69,11.27,€/kg
Siers Kurzemes JAUNPILS šķēlēs 150g (11.27 €/kg); (13.27 €/kg),maxima.lv,,1.69,11.27,€/kg
Siers Gouda JAUNPILS šķēlēs 150g (11.27 €/kg); (13.27 €/kg),maxima.lv,,1.69,11.27,€/kg
Siers Edam JAUNPILS šķēlēs 150g (11.27 €/kg); (13.27 €/kg),maxima.lv,,1.69,11.27,€/kg
Saldais biezp. BALTAIS Tutti Frutti 180g (5.50 €/kg); (7.17 €/kg),maxima.lv,,0.99,5.50,€/kg
Jogurts BALTAIS Skyr vaniļas 300g (4.63 €/kg); (5.63 €/kg),maxima.lv,,1.39,4.63,€/kg
Jogurts BALTAIS Skyr zemeņu 300g (4.63 €/kg); (5.63 €/kg),maxima.lv,,1.39,4.63,€/kg
Saldais biezpiens BALTAIS Dubai šok. 180g (6.61 €/kg); (8.28 €/kg),maxima.lv,,1.19,6.61,€/kg
Šok. pudiņš MERTINGER ar putukrējumu 125g (3.92 €/kg); (5.20 €/kg),maxima.lv,,0.49,3.92,€/kg
Zem. pudiņš MERTINGER ar putukrējumu 125g (3.92 €/kg); (5.20 €/kg),maxima.lv,,0.49,3.92,€/kg
Van. pudiņš MERTINGER ar putukrējumu 125g (3.92 €/kg); (5.20 €/kg),maxima.lv,,0.49,3.92,€/kg
Jogurts Protein LAKTO ķiršu 200g (4.95 €/kg); (6.45 €/kg),maxima.lv,,0.99,4.95,€/kg
Raudz. piena produkts LAKTO barbeļu 450g (3.09 €/kg); (3.98 €/kg),maxima.lv,,1.39,3.09,€/kg
Jogurts Protein LAKTO aveņu-sēklu 200g (4.95 €/kg); (6.45 €/kg),maxima.lv,,0.99,4.95,€/kg
Kaus. siers DZINTARS lociņu-skābkrēj. 200g (8.95 €/kg); (11.75 €/kg),maxima.lv,,1.79,8.95,€/kg
Jogurts Protein LAKTO mango-marak.  200g (4.95 €/kg); (6.45 €/kg),maxima.lv,,0.99,4.95,€/kg
Kaus. siers DZINTARS ceptu sīp. -gail. 200g (8.95 €/kg); (11.75 €/kg),maxima.lv,,1.79,8.95,€/kg
Kausēt. siers TERE ar grilētu vistu 200g (7.95 €/kg); (9.95 €/kg),maxima.lv,,1.59,7.95,€/kg
Kausētais siers TERE klasiskais 200g (7.95 €/kg); (9.95 €/kg),maxima.lv,,1.59,7.95,€/kg
Kausētais siers TERE ar trifelēm 170g (9.35 €/kg); (11.71 €/kg),maxima.lv,,1.59,9.35,€/kg
Kausētais siers TERE ar maurlokiem 200g (7.95 €/kg); (9.95 €/kg),maxima.lv,,1.59,7.95,€/kg
Jogurts BALTAIS Skyr zemeņu 300g (4.63 €/kg); (5.63 €/kg),maxima.lv,,1.39,4.63,€/kg
Saldais biezpiens BALTAIS Dubai šok. 180g (6.61 €/kg); (8.28 €/kg),maxima.lv,,1.19,6.61,€/kg
Šok. pudiņš MERTINGER ar putukrējumu 125g (3.92 €/kg); (5.20 €/kg),maxima.lv,,0.49,3.92,€/kg
Zem. pudiņš MERTINGER ar putukrējumu 125g (3.92 €/kg); (5.20 €/kg),maxima.lv,,0.49,3.92,€/kg
Van. pudiņš MERTINGER ar putukrējumu 125g (3.92 €/kg); (5.20 €/kg),maxima.lv,,0.49,3.92,€/kg
Jogurts Protein LAKTO ķiršu 200g (4.95 €/kg); (6.45 €/kg),maxima.lv,,0.99,4.95,€/kg
Raudz. piena produkts LAKTO barbeļu 450g (3.09 €/kg); (3.98 €/kg),maxima.lv,,1.39,3.09,€/kg
Jogurts Protein LAKTO aveņu-sēklu 200g (4.95 €/kg); (6.45 €/kg),maxima.lv,,0.99,4.95,€/kg
Kaus. siers DZINTARS lociņu-skābkrēj. 200g (8.95 €/kg); (11.75 €/kg),maxima.lv,,1.79,8.95,€/kg
Jogurts Protein LAKTO mango-marak.  200g (4.95 €/kg); (6.45 €/kg),maxima.lv,,0.99,4.95,€/kg
Kaus. siers DZINTARS ceptu sīp. -gail. 200g (8.95 €/kg); (11.75 €/kg),maxima.lv,,1.79,8.95,€/kg
Kausēt. siers TERE ar grilētu vistu 200g (7.95 €/kg); (9.95 €/kg),maxima.lv,,1.59,7.95,€/kg
Kausētais siers TERE klasiskais 200g (7.95 €/kg); (9.95 €/kg),maxima.lv,,1.59,7.95,€/kg
Kausētais siers TERE ar trifelēm 170g (9.35 €/kg); (11.71 €/kg),maxima.lv,,1.59,9.35,€/kg
Kausētais siers TERE ar maurlokiem 200g (7.95 €/kg); (9.95 €/kg),maxima.lv,,1.59,7.95,€/kg
Deserts KĀRUMS Panna Cotta ķiršu 140g (7.07 €/kg); (9.21 €/kg),maxima.lv,,0.99,7.07,€/kg
Deserts KĀRUMS Panna Cotta zemeņu 140g (7.07 €/kg); (9.21 €/kg),maxima.lv,,0.99,7.07,€/kg
Biezp. kr. Prot. BALTAIS Stracciatella 200g (6.95 €/kg); (8.45 €/kg),maxima.lv,,1.39,6.95,€/kg
"Jogurts OGA zemeņu 1,8% 1kg (1.49 €/kg); (1.79 €/kg)",maxima.lv,,1.49,1.49,€/kg
"Jogurts OGA ķiršu 1,8% 1kg (1.49 €/kg); (1.79 €/kg)",maxima.lv,,1.49,1.49,€/kg
"Jogurts OGA persiku 1,8% 1kg (1.49 €/kg); (1.79 €/kg)",maxima.lv,,1.49,1.49,€/kg
Biezpiena sieriņš KĀRUMS riekstu 45g (8.67 €/kg); (11.56 €/kg),maxima.lv,,0.39,8.67,€/kg
Skābais krēms TUKUMA 20% 400g plēvē (2.48 €/kg); (3.38 €/kg),maxima.lv,,0.99,2.48,€/kg
Siers MOZZARELLA GALBANI 125g (5.41 €/kg); (7.23 €/kg),maxima.lv,,1.19,9.52,€/kg
Sviests saldkrējuma LAZDONA 82% 200g (8.45 €/kg); (16.45 €/kg),maxima.lv,,1.69,8.45,€/kg
"Jogurts OGA melleņu 1,8% 1kg (1.49 €/kg); (1.79 €/kg)",maxima.lv,,1.49,1.49,€/kg
"Kefīrs LIMBAŽU 2,5% 1,5kg (1.13 €/kg); (1.66 €/kg)",maxima.lv,,1.69,1.13,€/kg
Biezpiens JAUNPILS pilnpiena 9% 275g (6.51 €/kg); (7.96 €/kg),maxima.lv,,1.79,6.51,€/kg
"Biezpiens JAUNPILS vājpiena 0,5% 275g (5.78 €/kg); (7.24 €/kg)",maxima.lv,,1.59,5.78,€/kg
Siers DŽIUGAS MILD 40% 12 mēn. izt. 180g (17.72 €/kg); (22.17 €/kg),maxima.lv,,3.19,17.72,€/kg
Siers DŽIUGAS PIQUANT40% 18 mēn. izt. 180g (18.83 €/kg); (23.28 €/kg),maxima.lv,,3.39,18.83,€/kg
Siers DŽIUGAS GOLD izturēts 36 mēn.  180g (21.06 €/kg); (27.72 €/kg),maxima.lv,,3.79,21.06,€/kg
Raudz. piena prod. LAKTO klasisk. 450g (3.09 €/kg); (3.98 €/kg),maxima.lv,,1.39,3.09,€/kg
Raudz. piena prod. LAKTO smiltsērk. 450g (3.09 €/kg); (3.98 €/kg),maxima.lv,,1.39,3.09,€/kg
Kausētais siers DZINTARS ar barav. 200g (8.95 €/kg); (11.75 €/kg),maxima.lv,,1.79,8.95,€/kg
Skābais krējums VALMIERA 20% 450g (4.42 €/kg); (5.31 €/kg),maxima.lv,,1.99,4.42,€/kg
Saldais biezpiens BALTAIS vaniļas 180g (5.50 €/kg); (7.17 €/kg),maxima.lv,,0.99,5.50,€/kg
Sald. biezpiens BALTAIS ar rozīnēm 180g (5.50 €/kg); (7.17 €/kg),maxima.lv,,0.99,5.50,€/kg
Biezpiens 5% VALMIERAS 180 g (6.61 €/kg); (8.61 €/kg),maxima.lv,,1.19,6.61,€/kg
Biezpiens 9% VALMIERAS 180 g (6.61 €/kg); (8.83 €/kg),maxima.lv,,1.19,6.61,€/kg
Biezpiena sieriņš KĀRUMS citronu 45g (8.67 €/kg); (11.56 €/kg),maxima.lv,,0.39,8.67,€/kg
Siers DŽIUGAS DELICATE 40% 24mēn.  180g (19.94 €/kg); (26.61 €/kg),maxima.lv,,3.59,19.94,€/kg
Saldais krējums RASA 35% 200ml (6.95 €/kg); (8.45 €/kg),maxima.lv,,1.39,6.95,€/l
"Piens ANNELE 2,5% 2L pudelē (1.00 €/l); (1.29 €/l)",maxima.lv,,1.99,1.00,€/l
Skābais krējums JAUNPILS ZELTA 20% 400g (4.23 €/kg); (5.98 €/kg),maxima.lv,,1.69,4.22,€/kg
"Piens RASĒNS karameļu 1,5% 200ml (2.95 €/l); (3.95 €/l)",maxima.lv,,0.59,2.95,€/l
"Piens RASĒNS šokolādes 1,5% 200ml (2.95 €/l); (3.95 €/l)",maxima.lv,,0.59,2.95,€/l
"Piens RASĒNS banānu 1,5% 200ml (2.95 €/l); (3.95 €/l)",maxima.lv,,0.59,2.95,€/l
"Piens RASĒNS zemeņu 1,5% 200ml (2.95 €/l); (3.95 €/l)",maxima.lv,,0.59,2.95,€/l
Piena dzēriens MULLERMILCH ar zem.  400g (2.98 €/kg); (4.13 €/kg),maxima.lv,,1.19,2.98,€/kg
Piena dzēriens MULLERMILCH banānu 400g (2.98 €/kg); (4.13 €/kg),maxima.lv,,1.19,2.98,€/kg
Piena dzēriens MULLERMILCH šokolād.  400g (2.98 €/kg); (4.13 €/kg),maxima.lv,,1.19,2.98,€/kg
"Biezpiens EXPORTA 0,5% 250g (5.56 €/kg); (7.56 €/kg)",maxima.lv,,1.39,5.56,€/kg
Biezpiens EXPORTA 9% pilnpiena 250g (6.36 €/kg); (7.96 €/kg),maxima.lv,,1.59,6.36,€/kg
Jogurts GRIEĶU bez piedevām 400g (3.73 €/kg); (4.38 €/kg),maxima.lv,,1.49,3.72,€/kg
Piena dz. MULLERMILCH kokosr. pistāc.  400g (2.98 €/kg); (4.13 €/kg),maxima.lv,,1.19,2.98,€/kg
Raudz. piena prod. LAKTO mell. av.  450g (3.09 €/kg); (3.98 €/kg),maxima.lv,,1.39,3.09,€/kg
Kausēts siers ANNELE kūpināts šķēl.  150g (13.27 €/kg); (16.60 €/kg),maxima.lv,,1.99,13.27,€/kg
Raudz. piena prod. LAKTO m. zem.  450g (3.09 €/kg); (3.98 €/kg),maxima.lv,,1.39,3.09,€/kg
Franču mīkstais siers izturēts Chablis 100g (39.90 €/kg); (49.90 €/kg),maxima.lv,,3.99,39.90,€/kg
Piena dzēriens Hi-Protein SNICKERS 250ml (9.96 €/l); (13.96 €/l),maxima.lv,,2.49,9.96,€/l
Piena dzēriens Hi-Protein MARS 250ml (9.96 €/l); (13.96 €/l),maxima.lv,,2.49,9.96,€/l
Dušas želeja OLD SPICE Whitewater 400ml (8.72 €/l); (9.47 €/l),maxima.lv,,3.49,8.72,€/l
Tr. mazg. līdz. FAIRY Lemon 900ml (3.32 €/l); (3.99 €/l),maxima.lv,,2.99,3.32,€/l
Trauku mazg. maš. tīrīš. līdz SOMAT 3 m. r.  (1.76 €/gab); (2896.67 €/gab),maxima.lv,,5.29,,
Tr. mazg. līdz. FAIRY Pomergranate 900ml (3.32 €/l); (5.54 €/l),maxima.lv,,2.99,3.32,€/l
Tualetes papīrs GRITE Blossom 3k.  8r.  (0.37 €/gab); (0.59 €/gab),maxima.lv,,2.99,,
Tīr. līdz.  KVADRO kaļķ.  rūsas noņ.  700ml (4.84 €/l); (7.13 €/l),maxima.lv,,3.39,4.84,€/l
Tīr. līdz. cepeškr. grila&plīt. KVADRO 700ml (5.13 €/l); (7.79 €/l),maxima.lv,,3.59,5.13,€/l
Roku kr.  NIVEA Aloe Vera&Jojoba Oil 75ml (30.53 €/l); (50.53 €/l),maxima.lv,,2.29,30.53,€/l
Ikd. ieliktn. LIBRESSE Normal Multi 58gab.  (0.04 €/gab); (0.06 €/gab),maxima.lv,,2.49,,
Dušas želeja L'ANGELICA kokosr.  500ml (7.18 €/l); (10.98 €/l),maxima.lv,,3.59,7.18,€/l
Mazg. līdz.  JOHNSON'S Top-to-Toe 500ml (7.98 €/l); (13.18 €/l),maxima.lv,,3.99,7.98,€/l
Mitrinošs gēls GARNIER Aloe sejai 50ml (99.80 €/l); (175.80 €/l),maxima.lv,,4.99,99.80,€/l
Protēžu fiks. krēms COREGA Gum Care 40g (124.75 €/kg); (189.75 €/kg),maxima.lv,,4.99,124.75,€/kg
Sejas kr. L'OREAL Hyaluron Spec. dien. 50ml (149.80 €/l); (259.80 €/l),maxima.lv,,7.49,149.80,€/l
Acu kr. L'OREAL Hyaluron Specialist 15ml (499.33 €/l); (866.00 €/l),maxima.lv,,7.49,499.33,€/l
Maska GARNIER Hyaluronic Aloe salvete (2.29 €/gab); (3850.00 €/gab),maxima.lv,,2.29,,
Mutes skal. līdz. LISTERINE Mild Taste 1L (6.49 €/l); (10.99 €/l),maxima.lv,,6.49,6.49,€/l
Dezinfekc. līdz. KVADRO 70% etanols 700ml (5.70 €/l); (8.56 €/l),maxima.lv,,3.99,5.70,€/l
Micel. ūd. GARNIER Hyaluronic Aloe 400ml (14.97 €/l); (27.98 €/l),maxima.lv,,5.99,14.98,€/l
Dušas želeja NIVEA Care&Apricot 500ml (7.98 €/l); (13.58 €/l),maxima.lv,,3.99,7.98,€/l
Lūpu balzams DZINTARS Dubulti aizsarg. 4g (572.50 €/gab); (897.50 €/gab),maxima.lv,,2.29,572.50,€/kg
Toniks DZINTARS Roja mitrin. sejai 200ml (24.95 €/l); (38.45 €/l),maxima.lv,,4.99,24.95,€/l
Sejas krēms DZINTARS Roja mitrinošs 50ml (155.80 €/l); (239.80 €/l),maxima.lv,,7.79,155.80,€/l
Sejas krēms DZINTARS Roja barojošs 50ml (169.80 €/l); (259.80 €/l),maxima.lv,,8.49,169.80,€/l
Mazg. līdz. grīdai VICI Spring Blossom 1L (2.39 €/l); (3.19 €/l),maxima.lv,,2.39,2.39,€/l
Traipu tīr. līdz. MAYERI pre-wash 250ml (12.76 €/l); (19.96 €/l),maxima.lv,,3.19,12.76,€/l
Veļas mazg. lap. DR. BECKMANN Color 25m. r.  (0.20 €/gab); (0.28 €/gab),maxima.lv,,4.99,,
Ķermeņa skrubis BIO2YOU Kafija 200ml (19.95 €/l); (40.95 €/l),maxima.lv,,3.99,19.95,€/l
Tualetes bloks SANO Lavender 55g (39.82 €/kg); (58.00 €/kg),maxima.lv,,2.19,39.82,€/kg
Tīrīšanas līdz. KVADRO universālais 700ml (3.70 €/l); (5.70 €/l),maxima.lv,,2.59,3.70,€/l
Dez. NIVEA Black&White Inv. zīm. siev. 50ml (59.80 €/l); (115.80 €/l),maxima.lv,,2.99,59.80,€/l
Dez. NIVEA Men Black&White Orig. zīm. 50ml (59.80 €/l); (115.80 €/l),maxima.lv,,2.99,59.80,€/l
Hig. pak. LIBRESSE Ultra Normal Mega 38gb.  (0.13 €/gab); (0.18 €/gab),maxima.lv,,4.99,,
"Veļas pulv. ARIEL Color 20m. r.  1,1kg (6.17 €/kg); (10.90 €/kg)",maxima.lv,,6.79,6.17,€/kg
"Veļas pulv. ARIEL MSpring 20m. r.  1,1kg (6.17 €/kg); (10.90 €/kg)",maxima.lv,,6.79,6.17,€/kg
Matu maska REVIVOR Betula 500ml (9.18 €/l); (13.18 €/l),maxima.lv,,4.59,9.18,€/l
Veļas balinātājs MAYERI Liilia 1L (1.45 €/l); (1.99 €/l),maxima.lv,,1.45,1.45,€/l
Šķīst. tabletes HERB'S Vitamin C 20gab.  (0.06 €/gab); (0.10 €/gab),maxima.lv,,1.19,,
Veļas mazg. līdz. PERWOLL Color 20m. r. 1L (4.99 €/l); (8.69 €/l),maxima.lv,,4.99,4.99,€/l
Veļ. mazg. līdz. BONUX Magnolia 18m. r. 900ml (5.10 €/l); (6.99 €/l),maxima.lv,,4.59,5.10,€/l
"Veļas pulv. BONUX Ice Fresh 18m. r. 1,17kg (4.01 €/kg); (5.89 €/kg)",maxima.lv,,4.69,4.01,€/kg
Kondic. SYOSS Intense Plex intens. 250ml (17.96 €/l); (29.96 €/l),maxima.lv,,4.49,17.96,€/l
"Veļas pulv. BONUX Magnolia 18m. r. 1,17kg (4.01 €/kg); (5.89 €/kg)",maxima.lv,,4.69,4.01,€/kg
Veļas mazg. līdz. BONUX Ice Fr. 18m. r. 900ml (5.10 €/l); (6.99 €/l),maxima.lv,,4.59,5.10,€/l
Tr. mazg. kaps. FAIRY Platinum Lem. 45gab.  (0.36 €/gab); (0.57 €/gab),maxima.lv,,15.99,,
Tr. mazg. kaps. FAIRY All in One Lem. 56gb.  (0.22 €/gab); (0.50 €/gab),maxima.lv,,12.49,,
Lūpu maska LANEIGE Berry 20g (649.50 €/kg); (1149.50 €/kg),maxima.lv,,12.99,649.50,€/kg
Papīra dvieļi BLOOM Jumbo 2sl. 1r. 500lap.  (2.89 €/gab); (4.70 €/gab),maxima.lv,,2.89,,
Uztura bagātināt. Kolagēna peptīdi 300g (39.97 €/kg); (73.30 €/kg),maxima.lv,,11.99,39.97,€/kg
Tual. atsv. DOMESTOS Pow. 5 Lime 3x50g (22.60 €/kg); (41.93 €/kg),maxima.lv,,3.39,67.80,€/kg
Kondicionieris GLISS Liquid Silk 200ml (15.95 €/l); (26.95 €/l),maxima.lv,,3.19,15.95,€/l
Šampūns GLISS Liquid Silk 400ml (9.97 €/l); (17.23 €/l),maxima.lv,,3.99,9.98,€/l
Kondicionier. PANTENE Thick&Strong 275ml (14.51 €/l); (24.69 €/l),maxima.lv,,3.99,14.51,€/l
Šampūns PANTENE Thick&Strong 400ml (9.97 €/l); (16.73 €/l),maxima.lv,,3.99,9.98,€/l
Prezervatīvi DUREX Sensual 10gab.  (0.90 €/gab); (1359.00 €/gab),maxima.lv,,8.99,,
Ziepes BIO2YOU Kivi 250g (11.96 €/kg); (19.96 €/kg),maxima.lv,,2.99,11.96,€/kg
Ziepes BIO2YOU Kazas piens 250g (11.96 €/kg); (19.96 €/kg),maxima.lv,,2.99,11.96,€/kg
Tr. mazg. līdz. hipo. MAYERI Aloe Vera 500ml (2.78 €/l); (3.78 €/l),maxima.lv,,1.39,2.78,€/l
Lūpu maska ​​LANEIGE Apple Lime 20g (649.50 €/kg); (1149.50 €/kg),maxima.lv,,12.99,649.50,€/kg
Lūpu maska ​​LANEIGE Grapefruit 20g (649.50 €/kg); (1149.50 €/kg),maxima.lv,,12.99,649.50,€/kg
Tr. mazg. maš. kaps. SOMAT Excell. 4in1 30gab (0.33 €/gab); (0.50 €/gab),maxima.lv,,9.99,,
Mitrās salvet. PAMPERS Sensitive 4x52gab.  (0.03 €/gab); (0.05 €/gab),maxima.lv,,6.49,,
Veļas mazgāš. kaps. ARIEL Extra Clean 60gb (333.17 €/gab); (0.56 €/gab),maxima.lv,,19.99,,
Veļas mazgāš. kapsulas ARIEL Color 70gb (285.57 €/gab); (0.53 €/gab),maxima.lv,,19.99,,
"Veļ. mīkst. LENOR Gold Orchid 59m. r. 1,239L (4.51 €/l); (7.09 €/l)",maxima.lv,,5.59,4.51,€/l
Sejas maskas BIODANCE Collagen 34gx4gb (4.25 €/gab); (6.12 €/gab),maxima.lv,,16.99,,
Trauku mazg. līdz. FAIRY Pure&Clean 900ml (3.32 €/l); (3.99 €/l),maxima.lv,,2.99,3.32,€/l
Notekcaur. tīrīš. granulas EKOnomis 250g (11.96 €/kg); (19.96 €/kg),maxima.lv,,2.99,11.96,€/kg
Tr. mazg. kaps. FAIRY Plat. Lem. Miracl. 31gb.  (0.40 €/gab); (0.90 €/gab),maxima.lv,,12.49,,
Gaisa atsv. MAYERI Sandalwood Whisp. 300ml (8.30 €/l); (11.63 €/l),maxima.lv,,2.49,8.30,€/l
Zobu pasta PARODONTAX CLASSIC 75ml (53.20 €/l); (57.20 €/l),maxima.lv,,3.99,53.20,€/l
Tual. tīr. līdz.  SANO Anti-Kalk WC 750ml (4.52 €/l); (7.05 €/l),maxima.lv,,3.39,4.52,€/l
Matu laka NIVEA apjoma palielin. 250ml (15.96 €/l); (31.16 €/l),maxima.lv,,3.99,15.96,€/l
Matu putas NIVEA apjoma palielin.  150ml (26.60 €/l); (47.27 €/l),maxima.lv,,3.99,26.60,€/l
Ķerm. krēms NIVEA Soft intens. mitrin. 75ml (35.87 €/l); (61.20 €/l),maxima.lv,,2.69,35.87,€/l
Balzams pēc skūš.  NIVEA 100ml (79.90 €/l); (133.90 €/l),maxima.lv,,7.99,79.90,€/l
Gaisa ats. rez. AIRWICK FM Orange fl. 250ml (23.96 €/l); (34.36 €/l),maxima.lv,,5.99,23.96,€/l
"Lūpu balzams NIVEA ESSENTIAL 4,8g (0.48 €/kg); (0.81 €/kg)",maxima.lv,,2.29,477.08,€/kg
Hig. tamponi O. B. PRO COMF. SUPER 32gab.  (0.16 €/gab); (255.94 €/gab),maxima.lv,,4.99,,
Dezod. FA PINK PASSION izsmidz. 150ml (18.60 €/l); (31.27 €/l),maxima.lv,,2.79,18.60,€/l
Hig. tamponi TAMPAX COMPAK SUPER 16gab.  (0.25 €/gab); (0.36 €/gab),maxima.lv,,3.99,,
Hig. tamponi TAMPAX COMPAK SUPER+ 16gab.  (0.25 €/gab); (0.36 €/gab),maxima.lv,,3.99,,
Vienr. skuvekļi BIC 3 SENSITIVE 4gab.  (0.50 €/gab); (0.87 €/gab),maxima.lv,,1.99,,
Dezodor. FA Pink Passion rull. siev. 50ml (55.80 €/l); (93.80 €/l),maxima.lv,,2.79,55.80,€/l
Ikd. ielikt. TENA Discr.  Ultra Mini 28gab.  (0.12 €/gab); (178.21 €/gab),maxima.lv,,3.49,,
Dezod. NIVEA PEARL&BEAUTY rull. siev. 50ml (55.80 €/l); (59.80 €/l),maxima.lv,,2.79,55.80,€/l
Dezod. NIVEA PEARL&BEAUTY izsmidz. 150ml (19.93 €/l); (38.60 €/l),maxima.lv,,2.99,19.93,€/l
Hig. paketes NATURELLA ULTRA NOR. + 20gab.  (0.15 €/gab); (0.23 €/gab),maxima.lv,,2.99,,
Lubrikants DUREX PLAY AL. VERA 2in1 200ml (39.95 €/l); (62.45 €/l),maxima.lv,,7.99,39.95,€/l
Tualetes bloks SANO Sanobon Blue 55g (39.82 €/kg); (58.00 €/kg),maxima.lv,,2.19,39.82,€/kg
Dušas želeja FA SPORT 400ml (7.97 €/l); (13.22 €/l),maxima.lv,,3.19,7.98,€/l
Mut. sk. līdz. COLGATE Plax Cool Mint 500ml (9.98 €/l); (16.98 €/l),maxima.lv,,4.99,9.98,€/l
Šampūns H&S CLASSIC CLEAN 400ml (12.47 €/l); (13.22 €/l),maxima.lv,,4.99,12.48,€/l
Šampūns H&S MENTHOL 400ml (12.47 €/l); (13.22 €/l),maxima.lv,,4.99,12.48,€/l
Dezod. NIVEA FRESH rull. vīr. 50ml (55.80 €/l); (59.80 €/l),maxima.lv,,2.79,55.80,€/l
Traipu tīr. līdz. SANO Oxygen Stain 750ml (6.12 €/l); (11.05 €/l),maxima.lv,,4.59,6.12,€/l
Dez. REXONA Aloe Vera 48h rull. siev. 50ml (57.80 €/l); (97.80 €/l),maxima.lv,,2.89,57.80,€/l
Tual. tīr. līdz. HARPIC Pow. Plus Citr. 750ml (3.45 €/l); (6.52 €/l),maxima.lv,,2.59,3.45,€/l
Zobu pasta SPLAT Biocalcium 100ml (32.90 €/l); (54.90 €/l),maxima.lv,,3.29,32.90,€/l
Tīr. līdz. KVADRO vannas istabai 730ml (3.55 €/l); (4.92 €/l),maxima.lv,,2.59,3.55,€/l
Virtuves un tauku tīr. līdz. KVADRO 730ml (3.55 €/l); (4.92 €/l),maxima.lv,,2.59,3.55,€/l
Šķidrās ziepes DOVE SILK rez. 500ml (4.58 €/l); (8.38 €/l),maxima.lv,,2.29,4.58,€/l
Matu laka SYOSS Max Hold 300ml (19.97 €/l); (33.30 €/l),maxima.lv,,5.99,19.97,€/l
Tabletes COREGA protēžu tīrīšanai 30gab.  (0.15 €/gab); (0.23 €/gab),maxima.lv,,4.49,,
Gaisa ats. rez. AIRWICK FM Moon Lily. 250ml (23.96 €/l); (34.36 €/l),maxima.lv,,5.99,23.96,€/l
Skaloš. līdz. trauku mazg. maš. FINISH 800ml (6.24 €/l); (10.49 €/l),maxima.lv,,4.99,6.24,€/l
Uroloģ. ieliktņi SENI LADY Plus 15gab.  (0.30 €/gab); (372.67 €/gab),maxima.lv,,4.49,,
Ikdienas ieliktnīši CAREFREE Aloe 76gab.  (0.06 €/gab); (86.71 €/gab),maxima.lv,,4.49,,
Mutes skal. līdz.  LISTERINE Coolmint 1L (6.49 €/l); (10.99 €/l),maxima.lv,,6.49,6.49,€/l
Šampūns H&S APPLE FRESH 400ml (12.47 €/l); (13.22 €/l),maxima.lv,,4.99,12.48,€/l
Trauku mazg. tabl. TRI-BIO 25gab.  (0.24 €/gab); (0.42 €/gab),maxima.lv,,5.99,,
Prezervatīvi LIFESTYLES ORIG. SKYN 10gab.  (0.80 €/gab); (1.25 €/gab),maxima.lv,,7.99,,
Paladziņi SENI SOFT 40x60cm 30 gab.  (0.30 €/gab); (0.40 €/gab),maxima.lv,,8.99,,
Dezod. OLD SPICE WOLFTHORN zīmuļv. 50ml (67.80 €/l); (73.80 €/l),maxima.lv,,3.39,67.80,€/l
Dušas žel. PALMOLIVE REFRESHING 500ml (7.98 €/l); (13.38 €/l),maxima.lv,,3.99,7.98,€/l
Starpzobu diegs JORDAN Flosser 3in1 50gb (0.06 €/gab); (91.39 €/gab),maxima.lv,,1.99,,
Izsmidz. dez. NIVEA Men B&W Original 250ml (15.96 €/l); (29.96 €/l),maxima.lv,,3.99,15.96,€/l
Papīra dvieļi GRITE Blossom 2k.  120lap.  (13.25 €/gab); (17.92 €/gab),maxima.lv,,1.59,,
Higiēn. paketes LADY ANION Day Use 10gab.  (0.25 €/gab); (0.41 €/gab),maxima.lv,,2.49,,
Hig. paketes LADY ANION Night Use 8gab.  (0.31 €/gab); (0.51 €/gab),maxima.lv,,2.49,,
Stiklu tīrīšanas līdz.  CLIN Lemon 500ml (3.98 €/l); (4.58 €/l),maxima.lv,,1.99,3.98,€/l
Izsm. dez. REXONA Invis. B&W 48h vīr. 150ml (19.27 €/l); (32.60 €/l),maxima.lv,,2.89,19.27,€/l
Tual. tīr. līdz.  DOMESTOS Lime 700ml (2.84 €/l); (6.21 €/l),maxima.lv,,1.99,2.84,€/l
Tualetes papīrs ZEWA Moll White 3k.  12r.  (0.42 €/gab); (0.71 €/gab),maxima.lv,,4.99,,
Zobu pasta ELMEX bērniem 0-6 gadiem 50ml (57.80 €/l); (105.80 €/l),maxima.lv,,2.89,57.80,€/l
Zobu pasta ELMEX Sensitive 75ml (59.87 €/l); (117.20 €/l),maxima.lv,,4.49,59.87,€/l
Dušas želeja NIVEA Men Sport vīr. 500ml (7.98 €/l); (13.58 €/l),maxima.lv,,3.99,7.98,€/l
Dezodor.  OLD SPICE WHITEWATER zīm.  50ml (67.80 €/l); (73.80 €/l),maxima.lv,,3.39,67.80,€/l
Autiņb. biksīt. PAMPERS S5 12-17kg 48gab.  (0.31 €/gab); (0.45 €/gab),maxima.lv,,14.99,0.88,€/kg
Tr. mazg. līdz. FAIRY Apple 900ml (3.32 €/l); (3.99 €/l),maxima.lv,,2.99,3.32,€/l
Tr. mazg. līdz. FAIRY Sens. Tea T&Mint 900ml (3.32 €/l); (3.99 €/l),maxima.lv,,2.99,3.32,€/l
Attīr. krēms CIF Lemon ar mikrod.  540g (4.06 €/kg); (7.02 €/kg),maxima.lv,,2.19,4.06,€/kg
Traipu tīrīšanas līdz.  VANISH Gold 200ml (22.95 €/l); (33.45 €/l),maxima.lv,,4.59,22.95,€/l
Veļ. mazg. kaps.  MAYERI Sensitive 32m. r.  (0.25 €/gab); (0.34 €/gab),maxima.lv,,7.99,,
Tīr.  līdz.  CIF kaļķakm. noņemš.  435ml (6.18 €/l); (14.46 €/l),maxima.lv,,2.69,6.18,€/l
Tīr.  līdz.  pelējuma noņemš.  CIF 435ml (6.18 €/l); (14.46 €/l),maxima.lv,,2.69,6.18,€/l
Tīr . līdz.  plīts&grila virsmām CIF 435ml (6.18 €/l); (14.46 €/l),maxima.lv,,2.69,6.18,€/l
Mitrais tual. pap.  ZEWA Aloe Vera 42gab.  (0.05 €/gab); (0.08 €/gab),maxima.lv,,2.29,,
Tr. mazg. līdz. PUR Raspberry 450ml (3.76 €/l); (5.22 €/l),maxima.lv,,1.69,3.76,€/l
Tīrīš. līdz. vann. CILLIT BANG 750ml (5.59 €/l); (10.92 €/l),maxima.lv,,4.19,5.59,€/l
Autiņb. PAMPERS PC S2 4-8kg 68gab (0.21 €/gab); (0.26 €/gab),maxima.lv,,13.99,1.75,€/kg
Traipu tīr. līdz. VANISH Oxi Act.  Pink 1L (5.39 €/l); (8.29 €/l),maxima.lv,,5.39,5.39,€/l
Traipu tīr. līdz. VANISH Oxi Act.  White 1L (5.39 €/l); (8.29 €/l),maxima.lv,,5.39,5.39,€/l
Traipu tīr. līdz. VANISH Oxi Act. Pink 470g (12.74 €/kg); (23.38 €/kg),maxima.lv,,5.99,12.74,€/kg
"Veļ. mazg. līdz. WOOLITE Colors 30m. r. 1,8L (3.88 €/l); (6.83 €/l)",maxima.lv,,6.99,3.88,€/l
"Veļ. mazg. līdz. WOOLITE Darks 30m. r. 1,8L (3.88 €/l); (6.83 €/l)",maxima.lv,,6.99,3.88,€/l
"Šķidr. mazgāš. līdz. WOOLITE Delicate 1,8L (3.88 €/l); (6.83 €/l)",maxima.lv,,6.99,3.88,€/l
Veļas pulv. BEST4HOME Universal 37m. r. 3kg (1.33 €/kg); (1.66 €/kg),maxima.lv,,3.99,1.33,€/kg
Veļ. mazg. līdz. BEST4HOME Univ. 18m. r. 1. 5L (1.79 €/l); (2.26 €/l),maxima.lv,,2.69,0.54,€/l
Veļas mīkstin. koncentr. BEST4HOME28m. r. 1L (2.19 €/l); (2.79 €/l),maxima.lv,,2.19,2.19,€/l
Matu eļļa PANTENE Repair&Protect 100ml (65.90 €/l); (109.90 €/l),maxima.lv,,6.59,65.90,€/l
Autiņb. biksīt. PAMPERS S3 6-11kg 62gab.  (0.24 €/gab); (0.35 €/gab),maxima.lv,,14.99,1.36,€/kg
Autiņb. biksīt. PAMPERS S7 17+kg 38gab.  (0.39 €/gab); (0.56 €/gab),maxima.lv,,14.99,,
Attīroš. putas DZINTARS Roja sejai 150ml (29.93 €/l); (50.60 €/l),maxima.lv,,4.49,29.93,€/l
Tual. bloks skal. tvertnei SANO viol. 150g (29.27 €/kg); (39.93 €/kg),maxima.lv,,4.39,29.27,€/kg
Gaisa atsvaidz. AIRWICK Raspb. Lime 237ml (16.84 €/l); (27.38 €/l),maxima.lv,,3.99,16.84,€/l
Gaisa atsv. AIRWICK Rainy Eucal. &Fr. 237ml (16.84 €/l); (27.38 €/l),maxima.lv,,3.99,16.84,€/l
Gaisa atsv. AIRWICK Fr. Dew&Wh. Jasmin237ml (16.84 €/l); (27.38 €/l),maxima.lv,,3.99,16.84,€/l
"Veļ. mazg. līdz. WOOLITE White 30m. r. 1,8L (3.88 €/l); (6.83 €/l)",maxima.lv,,6.99,3.88,€/l
Veļas mazg. lap. DR. BECKMANN Univer. 25m. r.  (0.20 €/gab); (0.28 €/gab),maxima.lv,,4.99,,
Autiņb. biksīt. PAMPERS S8 19+kg 32gab.  (0.47 €/gab); (0.67 €/gab),maxima.lv,,14.99,,
Tual. bloks KOLORADO Roll Ar. Lemon 2x51g (22.45 €/kg); (29.31 €/kg),maxima.lv,,2.29,44.90,€/kg
Tual. bloks KOLORADO Roll Ar. Flowers2x51g (22.45 €/kg); (29.31 €/kg),maxima.lv,,2.29,44.90,€/kg
Tual. bloks KOLORADO Roll Ar. Lavend. 2x51g (22.45 €/kg); (29.31 €/kg),maxima.lv,,2.29,44.90,€/kg
Tualet. ūd. LA RIVE Her Choice siev. 100ml (69.90 €/l); (119.90 €/l),maxima.lv,,6.99,69.90,€/l
Notekcauruļu tīrīš. granulas SANO 200g (19.95 €/kg); (27.95 €/kg),maxima.lv,,3.99,19.95,€/kg
Autiņb. PAMPERS PC S1 2-5kg 72gab.  (0.19 €/gab); (0.24 €/gab),maxima.lv,,13.99,2.80,€/kg
"Veļas mīkst. SILAN FreshSky 130m. r. 2,86L (3.14 €/l); (4.65 €/l)",maxima.lv,,8.99,3.14,€/l
"Veļas mīkst. SILAN DreamyL. 126m. r. 2,772L (3.24 €/l); (4.79 €/l)",maxima.lv,,8.99,3.24,€/l
"Veļas mīkst. SILAN Sensitive 130m. r. 2,86L (3.14 €/l); (4.65 €/l)",maxima.lv,,8.99,3.14,€/l
"V. mazg. līdz. WOOLITE Col. Fruity30m. r. 1,8L (3.88 €/l); (6.83 €/l)",maxima.lv,,6.99,3.88,€/l
Tual. bloks skal. tvertnei KOLORADO 2x45g (16.56 €/kg); (23.22 €/kg),maxima.lv,,1.49,33.11,€/kg
Papīra dvieļi ZEWA Premium 2k.  120lap.  (0.02 €/gab); (0.03 €/gab),maxima.lv,,2.29,,
"Veļ. mazg. līdz. PERSIL Lav. Col.  80m. r. 3,6L (5.55 €/l); (9.72 €/l)",maxima.lv,,19.99,5.55,€/l
"Veļas pulveris PERSIL Color 20m. r.  1,1kg (6.35 €/kg); (9.08 €/kg)",maxima.lv,,6.99,6.35,€/kg
"Veļ. mazg. līdz. PERSIL Regular 88m. r. 3,96L (5.05 €/l); (8.84 €/l)",maxima.lv,,19.99,5.05,€/l
Saimn. ziepes KASTANIS universālas 150g (7.93 €/kg); (11.27 €/kg),maxima.lv,,1.19,7.93,€/kg
Saimn. ziepes KASTANIS Sensitive/Baby150g (7.93 €/kg); (11.27 €/kg),maxima.lv,,1.19,7.93,€/kg
Veļ. mazg. kaps. PERSIL Discs Col.  13m. r.  (0.50 €/gab); (0.77 €/gab),maxima.lv,,6.49,,
Veļ. pulveris PERSIL Freshness 18m. r. 990g (7.06 €/kg); (10.09 €/kg),maxima.lv,,6.99,7.06,€/kg
"Veļ. mazg. līdz. PERSIL Lavender 40m. r. 1,8L (6.66 €/l); (9.99 €/l)",maxima.lv,,11.99,6.66,€/l
Tīrīš. līdz. THE PINK STUFF grīdām 750ml (3.99 €/l); (6.39 €/l),maxima.lv,,2.99,3.99,€/l
Tīrīš. pasta THE PINK STUFF multif. 850g (4.34 €/kg); (7.05 €/kg),maxima.lv,,3.69,4.34,€/kg
Tīrīš. līdz. THE PINK STUFF multif. 750ml (3.19 €/l); (5.32 €/l),maxima.lv,,2.39,3.19,€/l
Tīr. putas THE PINK STUFF vannasist. 750ml (3.45 €/l); (5.32 €/l),maxima.lv,,2.59,3.45,€/l
Gaisa atsv. AMBI PUR Gold Orchid 185ml (21.57 €/l); (32.38 €/l),maxima.lv,,3.99,21.57,€/l
Tual. papīrs BLOOM Comfort Orange 3k. 16r.  (0.29 €/gab); (0.41 €/gab),maxima.lv,,3.99,,
Kaps. tr. m. maš.  SOMAT Exc. Prem. 5in1 42gb.  (0.40 €/gab); (0.76 €/gab),maxima.lv,,16.99,,
Veļ. mazg. kaps. PERSIL Discs Reg.  13m. r.  (0.50 €/gab); (0.77 €/gab),maxima.lv,,6.49,,
Tual. atsv. DOMESTOS Pow. 5 Ocean 3x50g (22.60 €/kg); (41.93 €/kg),maxima.lv,,3.39,67.80,€/kg
Veļ. mazg. kap. MAYERI Color hipoaler. 32m. r (0.25 €/gab); (0.34 €/gab),maxima.lv,,7.99,,
Tual. tīr. želeja THE PINK STUFF 750ml (3.45 €/l); (5.32 €/l),maxima.lv,,2.59,3.45,€/l
"Veļ. mazg. līdz. KASTANIS Effect 67m. r. 2,7L (4.22 €/l); (5.55 €/l)",maxima.lv,,11.39,4.22,€/l
"Veļ. mazg. līdz. KASTANIS Color 67m. r. 2,7L (4.22 €/l); (5.55 €/l)",maxima.lv,,11.39,4.22,€/l
Trauku mazg. maš. tabl. FINISH Power 85gab.  (0.18 €/gab); (0.49 €/gab),maxima.lv,,14.99,,
"Veļas mazg. līdz. ARIEL Color 70m. r.  3,15L (5.71 €/l); (10.16 €/l)",maxima.lv,,17.99,5.71,€/l
"Veļas mazg. līdz. ARIEL MSpr.  70m. r.  3,15L (5.71 €/l); (10.16 €/l)",maxima.lv,,17.99,5.71,€/l
"Veļ. mīkst. LENOR Lotus Flow.  59m. r. 1,239L (4.51 €/l); (7.09 €/l)",maxima.lv,,5.59,4.51,€/l
"Veļas mīkst. LENOR Spring 71m. r.  1,491L (3.75 €/l); (5.90 €/l)",maxima.lv,,5.59,3.75,€/l
Smaržu gran. LENOR Gold Orchid 22m. r. 270g (28.11 €/kg); (38.48 €/kg),maxima.lv,,6.99,25.89,€/kg
Trauku mazg. līdz. maš. FINISH higiēn. 250ml (21.96 €/l); (32.76 €/l),maxima.lv,,5.49,21.96,€/l
Papīra dvieļi ZEWA W&W Design 2 ruļļi (1.80 €/gab); (2.75 €/gab),maxima.lv,,3.59,,
Gaisa ats. rez. AIRWICK FM White fl.  250ml (23.96 €/l); (34.36 €/l),maxima.lv,,5.99,23.96,€/l
Trauku mazg. līdz. MAYERI Sensitive 500ml (2.78 €/l); (3.78 €/l),maxima.lv,,1.39,2.78,€/l
Tīr. līdz.  SANO Forte Plus plītij 750ml (5.99 €/l); (8.92 €/l),maxima.lv,,4.49,5.99,€/l
Tual. tīr. līdz. HARPIC Pow. Plus Orig. 750ml (3.45 €/l); (6.52 €/l),maxima.lv,,2.59,3.45,€/l
Tual. tīr. līdz.  DOMESTOS Atlantic 750ml (2.39 €/l); (4.92 €/l),maxima.lv,,1.79,2.39,€/l
Dušas želeja FA YOGHURT ALOE VERA 400ml (7.97 €/l); (13.22 €/l),maxima.lv,,3.19,7.98,€/l
"Trauku mazg. līdz. maš.  FINISH sāls 1,5kg (2.33 €/kg); (3.73 €/kg)",maxima.lv,,3.49,2.33,€/kg
Tual. tīr. līdz. HARPIC Power Plus Cl. 750ml (3.45 €/l); (6.52 €/l),maxima.lv,,2.59,3.45,€/l
Zobu pasta SPLAT Ultracomplex 100ml (32.90 €/l); (54.90 €/l),maxima.lv,,3.29,32.90,€/l
Ūdens mīkstinātājs CALGON 750ml (9.32 €/l); (15.32 €/l),maxima.lv,,6.99,9.32,€/l
Trauku mazg. līdz. PUR Aloe Vera 450ml (3.76 €/l); (5.22 €/l),maxima.lv,,1.69,3.76,€/l
Trauku mazg. līdz. PUR Hands&Nails 450ml (3.76 €/l); (5.22 €/l),maxima.lv,,1.69,3.76,€/l
Tual. tīr. līdz. HARPIC Power+Hygien.  750ml (3.45 €/l); (6.52 €/l),maxima.lv,,2.59,3.45,€/l
Tīrīšanas līdz. CILLIT BANG Limesc.  750ml (5.59 €/l); (10.92 €/l),maxima.lv,,4.19,5.59,€/l
Tīr. līdz. CILLIT BANG Grease&Smudg. 750ml (5.59 €/l); (10.92 €/l),maxima.lv,,4.19,5.59,€/l
Tīr. līdz. CILLIT BANG Bleach&Hygien. 750ml (5.59 €/l); (10.92 €/l),maxima.lv,,4.19,5.59,€/l
Mitrās salv. WATERWIPES zīdaiņiem 48gab.  (0.06 €/gab); (0.10 €/gab),maxima.lv,,2.99,,
Tr. m. maš. kaps. FINISH Ultimat. Lemon 55gb.  (0.31 €/gab); (0.62 €/gab),maxima.lv,,16.99,,
Tr. m. maš. kaps. FINISH Ult. Plus Lemon 51gb (0.33 €/gab); (0.67 €/gab),maxima.lv,,16.99,,
"Veļas mīkst. COCCOLINO Sens. 74m. r. 1,702L (3.17 €/l); (4.81 €/l)",maxima.lv,,5.39,3.17,€/l
"Veļas mīkst. COCCOLINO Blue 74m. r. 1,702L (3.17 €/l); (4.81 €/l)",maxima.lv,,5.39,3.17,€/l
"Veļas mīkst. COCCOLINO Lily 74m. r. 1,702L (3.17 €/l); (4.81 €/l)",maxima.lv,,5.39,3.17,€/l
Autiņb. PAMPERS Pants S6 13-19kg 42gab.  (0.36 €/gab); (0.51 €/gab),maxima.lv,,14.99,0.79,€/kg
Autiņb.  PAMPERS Pants S4 9-15kg 54gab.  (0.28 €/gab); (0.40 €/gab),maxima.lv,,14.99,1.00,€/kg
Līdz. pret lid./rāp. ins. COBRA Super 400ml (7.48 €/l); (8.88 €/l),maxima.lv,,2.99,7.48,€/l
Trauku mazg. līdz. TRI-BIO Eko 840ml (3.56 €/l); (5.70 €/l),maxima.lv,,2.99,3.56,€/l
Prezervatīvi ONE TOUCH LONG LOVE 12gab.  (0.42 €/gab); (774.17 €/gab),maxima.lv,,4.99,,
Ķerm. skrubis BIO2YOU greipfrūts 200ml (19.95 €/l); (40.95 €/l),maxima.lv,,3.99,19.95,€/l
Krēms NIVEA MEN vīriešiem 75ml (33.20 €/l); (57.20 €/l),maxima.lv,,2.49,33.20,€/l
Micel. ūd. NIVEA MicellAir jutīg. ād. 400ml (12.47 €/l); (23.73 €/l),maxima.lv,,4.99,12.48,€/l
Veļas mazg. maš. tīrīšanas līdz . K2r 2gb (1.85 €/gab); (2745.00 €/gab),maxima.lv,,3.69,,
Tīr. līdz. FROSCH Anti-Kalk Raspber.  500ml (5.98 €/l); (8.80 €/l),maxima.lv,,2.99,5.98,€/l
Prezervatīvi LIFESTYLES SKYN ELITE 3gab (1.16 €/gab); (1796.67 €/gab),maxima.lv,,3.49,,
Kosm. salv. ZEWA Softis Soft Sens. 4k. 80gb.  (0.02 €/gab); (0.04 €/gab),maxima.lv,,1.79,,
Izsm. dez. DOVE Invisible Care siev. 150ml (19.93 €/l); (38.60 €/l),maxima.lv,,2.99,19.93,€/l
Zob. pasta COLGATE Advanced Charcoal 75ml (26.53 €/l); (39.87 €/l),maxima.lv,,1.99,26.53,€/l
Zobu past. COLGATE MaxWhite Charcoal 75ml (53.20 €/l); (89.20 €/l),maxima.lv,,3.99,53.20,€/l
Traipu tīr. līdz. VANISH Oxi Act. Wh.  470g (12.74 €/kg); (23.38 €/kg),maxima.lv,,5.99,12.74,€/kg
Izsm. dezod. REXONA Blue Poppy siev.  150ml (19.27 €/l); (32.60 €/l),maxima.lv,,2.89,19.27,€/l
Sej. kr. L'OREAL Hyaluron Spec. nakts 50ml (149.80 €/l); (259.80 €/l),maxima.lv,,7.49,149.80,€/l
Gaisa atsvaidzin.  AMBI PUR Cotton 8 ml (461.25 €/l); (823.75 €/l),maxima.lv,,3.69,461.25,€/l
Hig. pak. BELLA Perfecta Blue soft 20gab.  (0.11 €/gab); (179.50 €/gab),maxima.lv,,2.29,,
Hig. pak. BELLA Perfecta Ultra Green 20gb.  (0.11 €/gab); (179.50 €/gab),maxima.lv,,2.29,,
Virt.  papīra dv.  ZEWA JUMBO 3k.  230lap.  (1.73 €/gab); (6.69 €/gab),maxima.lv,,3.99,,
Vienr. skuv. WILKINSON Sword Xtreme3 3+1gb (0.87 €/gab); (1547.50 €/gab),maxima.lv,,3.49,,
Šampūns SYOSS Color 440ml (10.20 €/l); (17.02 €/l),maxima.lv,,4.49,10.20,€/l
Balzams SYOSS Color matiem 440ml (10.20 €/l); (17.02 €/l),maxima.lv,,4.49,10.20,€/l
Zobu pasta BLANX O3X balinoša 75ml (73.20 €/l); (131.87 €/l),maxima.lv,,5.49,73.20,€/l
Zobu pasta BIOREPAIR Junior 7-14g 75ml (53.20 €/l); (93.20 €/l),maxima.lv,,3.99,285.00,€/kg
Sejas skrubis HIMALAYA aktīvā ogle 75ml (30.53 €/l); (51.87 €/l),maxima.lv,,2.29,30.53,€/l
Zobu pasta BIOREPAIR Gums Protect. 75ml (57.20 €/l); (91.87 €/l),maxima.lv,,4.29,57.20,€/l
Tīr. līdz. grīd. TRI-BIO mājdz. draudz. 840ml (3.20 €/l); (5.58 €/l),maxima.lv,,2.69,3.20,€/l
Dušas želeja OLD SPICE Tiger Claw 400ml (8.72 €/l); (14.97 €/l),maxima.lv,,3.49,8.72,€/l
Tualetes bloks BREF Pa Lemon 2x50g (0.03 €/kg); (55.90 €/kg),maxima.lv,,3.39,67.80,€/kg
Ziepes DOVE Nourishing 90g (10.56 €/kg); (18.33 €/kg),maxima.lv,,0.95,10.56,€/kg
Zobu pasta ELMEX Sensitive Complete 75ml (79.87 €/l); (154.53 €/l),maxima.lv,,5.99,79.87,€/l
Mitrās salv. VORTEX vannas istabai 48gab.  (0.04 €/gab); (58.13 €/gab),maxima.lv,,1.79,,
Mitrās salvetes VORTEX virtuvei 48gab.  (0.04 €/gab); (58.13 €/gab),maxima.lv,,1.79,,
Mitrās salvetes VORTEX mēbelēm 48gab.  (0.04 €/gab); (58.13 €/gab),maxima.lv,,1.79,,
Roku un nagu krēms NEUTROGENA 75ml (59.87 €/l); (93.20 €/l),maxima.lv,,4.49,59.87,€/l
Veļas mīkst. SILAN Magic Magn. 35m. r. 770ml (4.40 €/l); (6.74 €/l),maxima.lv,,3.39,4.40,€/l
Veļas mīkst. SILAN Dreamy Lot. 35m. r. 770ml (4.40 €/l); (6.74 €/l),maxima.lv,,3.39,4.40,€/l
Veļas mīkst. SILAN Relax. Mald. 35m. r. 770ml (4.40 €/l); (6.74 €/l),maxima.lv,,3.39,4.40,€/l
Veļ. mazg. līdz. PERSIL Color 22m. r.  990ml (7.06 €/l); (10.09 €/l),maxima.lv,,6.99,7.06,€/l
Veļ. mazg. līdz. PERSIL Sensit.  20m. r. 900ml (7.77 €/l); (11.10 €/l),maxima.lv,,6.99,7.77,€/l
Veļ. mazg. kaps. PERSIL Discs Stain 11m. r.  (0.59 €/gab); (908.18 €/gab),maxima.lv,,6.49,,
"Veļ. mazg. līdz. PERSIL Sensitiv. 40m. r. 1,8L (7.22 €/l); (9.99 €/l)",maxima.lv,,12.99,7.22,€/l
Veļas mazg. līdz. PERWOLL Blossom 20m. r. 1L (4.99 €/l); (8.69 €/l),maxima.lv,,4.99,4.99,€/l
Veļas mazg. līdz. PERWOLL Black 20m. r. 1L (4.99 €/l); (8.69 €/l),maxima.lv,,4.99,4.99,€/l
"Veļ. mīkst. SILAN Dreamy Lotus 50m. r. 1,1L (4.26 €/l); (6.90 €/l)",maxima.lv,,4.69,4.26,€/l
Šampūns SYOSS Intense Plex 440ml (10.20 €/l); (17.02 €/l),maxima.lv,,4.49,10.20,€/l
Dušas žel. DOVE Deeply Nourishing 400ml (9.97 €/l); (18.73 €/l),maxima.lv,,3.99,9.98,€/l
Roku krēms ORGANIC SHOP Tropical 75ml (33.20 €/l); (39.87 €/l),maxima.lv,,2.49,33.20,€/l
Dez. REXONA Bright Bouq. 72h zīm. siev. 50ml (57.80 €/l); (115.80 €/l),maxima.lv,,2.89,57.80,€/l
Tual. tīrīš. putas DOMESTOS Floral 435ml (6.87 €/l); (13.77 €/l),maxima.lv,,2.99,6.87,€/l
Gaisa atsvaidz. AMBI PUR Ocean Mist 185ml (21.56 €/l); (32.38 €/l),maxima.lv,,3.99,21.57,€/l
Uztura bagāt. PHARMA MARKET D3+K2 60gab.  (0.06 €/gab); (96.50 €/gab),maxima.lv,,3.79,,
Tual. bloki BREF Pow. Akt. Lem. Ocean 4x50g (0.03 €/kg); (43.45 €/kg),maxima.lv,,5.69,113.80,€/kg
Zobu pasta ORAL-B Junior 6-12 gadi 75ml (39.87 €/l); (71.87 €/l),maxima.lv,,2.99,39.87,€/l
Mitrās salvetes VORTEX stiklam 48gab.  (0.04 €/gab); (58.13 €/gab),maxima.lv,,1.79,,
Roku krēms DZINTARS Kolka mitrinošs 75ml (30.53 €/l); (47.87 €/l),maxima.lv,,2.29,30.53,€/l
Prezervatīvi DUREX Sensual 3gab.  (1.00 €/gab); (1530.00 €/gab),maxima.lv,,2.99,,
Šampūns L'OREAL ELSEVE Full Resist 400ml (11.72 €/l); (19.48 €/l),maxima.lv,,4.69,11.72,€/l
Veļ. mazg. līdz. PERWOLL Light Col. 20m. r. 1L (4.99 €/l); (8.69 €/l),maxima.lv,,4.99,4.99,€/l
Univ. tīrīš. līdzekl. MAYERI Rhubard 500ml (3.98 €/l); (6.58 €/l),maxima.lv,,1.99,3.98,€/l
Kondic. L'OREAL ELSEVE Full Resist 200ml (16.95 €/l); (28.45 €/l),maxima.lv,,3.39,16.95,€/l
Sejas skrubis NEUTROGENA Clear&Rad. 150ml (38.60 €/l); (59.93 €/l),maxima.lv,,5.79,38.60,€/l
Smaržu granulas LENOR Spring 22m. r.  270g (25.89 €/kg); (40.70 €/kg),maxima.lv,,6.99,25.89,€/kg
Zobu birst. ORAL-B Pro-3D Wh. Medium 2gb.  (2.99 €/gab); (4990.00 €/gab),maxima.lv,,2.99,,
Mut. sk. līdz. FOREST BALSAM salv. eks. 500ml (7.18 €/l); (11.98 €/l),maxima.lv,,3.59,7.18,€/l
Šampūns NIVEA Men Strong Power 500ml (9.98 €/l); (17.98 €/l),maxima.lv,,4.99,9.98,€/l
Univ. tīrīš. līdz. MAYERI Fresh Mint 500ml (3.98 €/l); (6.58 €/l),maxima.lv,,1.99,3.98,€/l
Gaisa atsvaidzinātājs MAYERI Rose 300ml (8.30 €/l); (11.63 €/l),maxima.lv,,2.49,8.30,€/l
Gaisa atsvaidzinātājs MAYERI Bambo. 300ml (8.30 €/l); (11.63 €/l),maxima.lv,,2.49,8.30,€/l
Tual. tīr. līdz. SEAL Anti-Limescale 700ml (3.41 €/l); (5.70 €/l),maxima.lv,,2.39,3.41,€/l
Zobu diegs ORAL-B Essential Mint 50m (2290.00 €/gab); (3490.00 €/gab),maxima.lv,,2.29,,
Dušas želeja PALMOLIVE Fig&Milk 500ml (7.98 €/l); (13.98 €/l),maxima.lv,,3.99,7.98,€/l
Veļas mazg. kapsulas PERSIL Color 70m. r.  (0.31 €/gab); (0.57 €/gab),maxima.lv,,21.99,,
Veļas mazg. kaps. PERSIL Universal 70m. r.  (0.31 €/gab); (0.57 €/gab),maxima.lv,,21.99,,
Tual. bloki BREF Pow. Aktiv Flowers 4x50g (0.03 €/kg); (43.45 €/kg),maxima.lv,,5.69,113.80,€/kg
Tual. bloki BREF Color Akt. Lavender 2x50g (0.04 €/kg); (59.90 €/kg),maxima.lv,,3.79,75.80,€/kg
Tual. bloki BREF Col. Akt. Eucalyptus 2x50g (0.04 €/kg); (59.90 €/kg),maxima.lv,,3.79,75.80,€/kg
"Veļas mazg. l. COCCOLINO Speed 54m. r. 2,16L (0.19 €/l); (314.63 €/l)",maxima.lv,,10.49,4.86,€/l
"Veļas mazg. l. COCCOLINE Ultra 54m. r. 2,16L (0.19 €/l); (314.63 €/l)",maxima.lv,,10.49,4.86,€/l
"Veļas mazg. l. COCCOLINO Odor 54m. r. 2,16L (0.19 €/l); (314.63 €/l)",maxima.lv,,10.49,4.86,€/l
Tual. bloki BREF Color Aktiv Flower 2x50g (0.04 €/kg); (59.90 €/kg),maxima.lv,,3.79,75.80,€/kg
Tual. bloki BREF Pow. Akt. Fruitopia 2x50g (0.03 €/kg); (55.90 €/kg),maxima.lv,,3.39,67.80,€/kg
Stiklu tīrīšanas līdzeklis KVADRO 700ml (3.14 €/l); (4.86 €/l),maxima.lv,,2.29,3.27,€/l
Tīr. līdz. pelējuma noņemš. KVADRO 700ml (4.84 €/l); (7.70 €/l),maxima.lv,,3.39,4.84,€/l
Depilāc. vaska strēmeles VEET sejai 20gb.  (0.25 €/gab); (0.40 €/gab),maxima.lv,,4.99,,
Zobu birste COLGATE ZIG-ZAG MEDIUM (1.19 €/gab); (1990.00 €/gab),maxima.lv,,1.19,,
Tual. bloks skal. tvertnei SANO zils 150g (29.27 €/kg); (39.93 €/kg),maxima.lv,,4.39,29.27,€/kg
Skūšanās žel. NIVEA jutīgai ādai 200ml (19.95 €/l); (34.95 €/l),maxima.lv,,3.99,19.95,€/l
Ķermeņa krēms NIVEA Creme 150ml (21.27 €/l); (35.27 €/l),maxima.lv,,3.19,21.27,€/l
Zobu pasta LACALUT SENSITIVE 75ml (39.87 €/l); (66.53 €/l),maxima.lv,,2.99,39.87,€/l
Šampūns SCHAUMA vīriešiem 400ml (7.47 €/l); (13.72 €/l),maxima.lv,,2.99,7.48,€/l
Tests grūtniecības noteikš.  MARIA STRIP (1.29 €/gab); (1890.00 €/gab),maxima.lv,,1.29,,
Univers. tīr. līdz. AJAX ceriņu smarža 1L (2.99 €/l); (4.29 €/l),maxima.lv,,2.99,2.99,€/l
Ikd. ieliktn. NATURELLA Light Camom. 100gb.  (0.04 €/gab); (0.07 €/gab),maxima.lv,,4.49,,
Tualetes ūdens LA RIVE Cabana vīr.  90ml (77.67 €/l); (133.22 €/l),maxima.lv,,6.99,77.67,€/l
Tīrīš. līdz. caurulēm TIRET Turbo 500ml (7.98 €/l); (16.78 €/l),maxima.lv,,3.99,7.98,€/l
Zobu pasta PRESIDENT SENSITIVE 75ml (39.87 €/l); (74.53 €/l),maxima.lv,,2.99,39.87,€/l
Matu putas SYOSS Volume Lift 250ml (23.96 €/l); (39.96 €/l),maxima.lv,,5.99,23.96,€/l
Tual. bloks skal. tvertnei SANO zaļš 150g (29.27 €/kg); (38.60 €/kg),maxima.lv,,4.39,29.27,€/kg
Tīr. līdz. logiem AJAX Triple Act.  500ml (4.38 €/l); (6.30 €/l),maxima.lv,,2.19,4.38,€/l
Sejas mazg. putas HIMALAYA nīma 150ml (25.27 €/l); (41.93 €/l),maxima.lv,,3.79,25.27,€/l
Dez. NIVEA Men Black&White Pow. rull. 50ml (59.80 €/l); (115.80 €/l),maxima.lv,,2.99,59.80,€/l
Zobu birste JORDAN 6–9g.  1gab.  (1.99 €/gab); (3290.00 €/gab),maxima.lv,,1.99,221.11,€/kg
Šampūns SYOSS ANTI-GREASE sausais 200ml (22.45 €/l); (37.45 €/l),maxima.lv,,4.49,22.45,€/l
Ziepes PALMOLIVE CHAMOMILE&VITAMIN E 90g (7.22 €/kg); (10.56 €/kg),maxima.lv,,0.65,7.22,€/kg
Hig. pak. LIBRESSE Ultra Long Mega 36gab (0.12 €/gab); (194.17 €/gab),maxima.lv,,4.49,,
Zobu pasta SENSODYNE REPAIR&PROTECT 75ml (77.20 €/l); (119.87 €/l),maxima.lv,,5.79,77.20,€/l
Hig. pak. LADY ANION Active plānas 15gab.  (0.17 €/gab); (272.67 €/gab),maxima.lv,,2.49,,
Logu tīrīšanas līdzeklis CLIN Blue 500ml (3.98 €/l); (4.58 €/l),maxima.lv,,1.99,3.98,€/l
Vienr. skuv.  BIC MISS SOLEIL COLOUR 4gab.  (0.97 €/gab); (1622.50 €/gab),maxima.lv,,3.89,,
Autiņb. PAMPERS Pants S6 13-19kg 42gab.  (0.36 €/gab); (0.51 €/gab),maxima.lv,,14.99,0.79,€/kg
Autiņb.  PAMPERS Pants S4 9-15kg 54gab.  (0.28 €/gab); (0.40 €/gab),maxima.lv,,14.99,1.00,€/kg
Ikd. ieliktn. DISCREET Water Lily 100gab.  (0.05 €/gab); (0.06 €/gab),maxima.lv,,4.69,,
Hig. paketes NATURELLA Night Duo 14gab.  (0.21 €/gab); (0.34 €/gab),maxima.lv,,2.99,,
Hig. paketes NATURELLA ULT. SUPER+ 16gab.  (0.19 €/gab); (0.29 €/gab),maxima.lv,,2.99,,
Dušas želeja DOVE Rebalancing 400ml (11.23 €/l); (18.73 €/l),maxima.lv,,4.49,11.22,€/l
Izsm. dez. REXONA Bright Bouquet 48h 150ml (19.27 €/l); (32.60 €/l),maxima.lv,,2.89,19.27,€/l
Dezod. REXONA Cobalt 48h zīmulis vīr. 50ml (57.80 €/l); (97.80 €/l),maxima.lv,,2.89,57.80,€/l
Krēmziepes SEAL Dobeles Ceriņzieds 1L (3.79 €/l); (5.69 €/l),maxima.lv,,3.79,3.79,€/l
Dušas želeja KEFF Salty Caramel 500ml (7.98 €/l); (10.98 €/l),maxima.lv,,3.99,7.98,€/l
Nakts krēms NIVEA 65+ pretgrumbu 50ml (149.80 €/l); (253.80 €/l),maxima.lv,,7.49,149.80,€/l
Zobu pasta COLGATE Triple Action 125ml (2.99 €/gab); (4.89 €/gab),maxima.lv,,2.99,23.92,€/l
Zobu birste COLGATE SLIM SOFT BLACK (2.89 €/gab); (4.89 €/gab),maxima.lv,,2.89,,
Rezerves uzgaļi Oral-B Sensitive 4 gab.  (4.00 €/gab); (6.25 €/gab),maxima.lv,,15.99,,
"SENSODYNE zobu pasta Fluoride, 75ml (57.20 €/l); (89.20 €/l)",maxima.lv,,4.29,57.20,€/l
Zobu pasta PARODONTAX Complete 75ml (90.53 €/l); (139.87 €/l),maxima.lv,,6.79,90.53,€/l
Balzams GLISS Oil Nutritive 200ml (16.95 €/l); (28.45 €/l),maxima.lv,,3.39,16.95,€/l
Izsmidz. kondic. GLISS Liquid Silk 200ml (22.45 €/l); (37.45 €/l),maxima.lv,,4.49,22.45,€/l
Izsmidz. kondic. GLISS Oil Nutritive 200ml (22.45 €/l); (37.45 €/l),maxima.lv,,4.49,22.45,€/l
Šampūns GLISS Oil Nutritive 400ml (9.97 €/l); (18.73 €/l),maxima.lv,,3.99,9.98,€/l
Hig. paketes LIBRESSE SUPER DUO 16gab.  (0.13 €/gab); (0.22 €/gab),maxima.lv,,2.15,,
Ikdien. ieliktnīši BELLA Panty Soft 60gb.  (0.03 €/gab); (0.04 €/gab),maxima.lv,,1.65,,
Ikd. ieliktn. CAREFREE Cotton Fresh 76gab.  (0.06 €/gab); (0.09 €/gab),maxima.lv,,4.49,,
Sej. krēms L'OREAL REVITAL.  LAS. dien. 50ml (239.80 €/l); (479.80 €/l),maxima.lv,,11.99,239.80,€/l
Matu ser. L'OREAL ELSEVE Hyal. Pure 102ml (58.73 €/l); (117.55 €/l),maxima.lv,,5.99,58.73,€/l
Gaisa atsv. AIRWICK FMP Cherry Blos. 250ml (13.16 €/l); (22.76 €/l),maxima.lv,,3.29,13.16,€/l
Gaisa atsv. AIRWICK FMP Spring Del.  250ml (13.16 €/l); (22.76 €/l),maxima.lv,,3.29,13.16,€/l
Dienas krēms NIVEA 65+ pretgrumbu 50ml (149.80 €/l); (253.80 €/l),maxima.lv,,7.49,149.80,€/l
"Šķidr. mazgāš. līdz. WOOLITE Perfume 1,8L (3.33 €/l); (6.66 €/l)",maxima.lv,,5.99,3.33,€/l
Tr. m. maš. kaps. FINISH Ultimat. Lemon 55gb.  (0.31 €/gab); (0.62 €/gab),maxima.lv,,16.99,,
Tr. m. maš. kaps. FINISH Ult. Plus Lemon 51gb (0.33 €/gab); (0.67 €/gab),maxima.lv,,16.99,,
Autiņb.  MOONY Airfit S 4-8kg 70gab.  (0.24 €/gab); (0.29 €/gab),maxima.lv,,16.99,2.12,€/kg
Autiņb. biks. MOONY M 6-12kg 52gab.  (0.33 €/gab); (0.38 €/gab),maxima.lv,,16.99,1.42,€/kg
Autiņb. biks. MOONY boy L 9-14kg 44 gab.  (0.39 €/gab); (0.45 €/gab),maxima.lv,,16.99,1.21,€/kg
Autiņb. biks. MOONY boy XL 12-22kg 38gab.  (0.45 €/gab); (0.53 €/gab),maxima.lv,,16.99,0.77,€/kg
Autiņb. biks. MOONY girl L 9-14kg 44 gab.  (0.39 €/gab); (0.45 €/gab),maxima.lv,,16.99,1.21,€/kg
Autiņb. biks. MOONY girl XL 12-22kg 38gab.  (0.45 €/gab); (0.53 €/gab),maxima.lv,,16.99,0.77,€/kg
Tr. mazg. kaps. FAIRY Plat. Plus Lem.  40gab.  (0.40); (0.70),maxima.lv,27.99,15.99,,
Dušas eļļa BIODERMA Atoderm 1L (0.02 €/l); (26.99 €/l),maxima.lv,,15.99,15.99,€/l
Matu maska SHISEIDO Tsubaki Repair 180g (0.07 €/kg); (122.17 €/kg),maxima.lv,,12.99,72.17,€/kg
Matu maska SHISEIDO Fino 230g (0.06 €/kg); (95.61 €/kg),maxima.lv,,12.99,56.48,€/kg
Matu serums FINO Premium Touch 70ml (0.23 €/l); (381.29 €/l),maxima.lv,,15.99,228.43,€/l
Autiņb. PEPPINS Comfy S2 4-8kg 30gab.  (0.14 €/gab); (0.18 €/gab),maxima.lv,,4.29,0.54,€/kg
Autiņb. PEPPINS Comfy S4 9-14kg 41gab.  (0.16 €/gab); (0.18 €/gab),maxima.lv,,6.59,0.47,€/kg
Autiņb. PEPPINS Comfy S3 6-10kg 49gab.  (0.14 €/gab); (0.16 €/gab),maxima.lv,,6.99,0.70,€/kg
Autiņb. PEPPINS Comfy S5 11-16kg 35gab.  (0.18 €/gab); (0.21 €/gab),maxima.lv,,6.39,0.40,€/kg
Līdz. bērn.  pret odiem un ērc.  MAGA 100ML (29.90 €/l); (39.90 €/l),maxima.lv,,2.99,29.90,€/l
Līdz. odiem un ērcēm MAGA Pro 150ml (33.27 €/l); (42.60 €/l),maxima.lv,,4.99,33.27,€/l
Līdz. pret odiem ērcēm MAGA Super 100ml (29.90 €/l); (39.90 €/l),maxima.lv,,2.99,29.90,€/l
Odu un ērču repelents MAGA 100ml (26.90 €/l); (34.90 €/l),maxima.lv,,2.69,26.90,€/l
Papīra dvieļi GRITE Orchidea 3k. 230lap.  (0.01 €/gab); (0.02 €/gab),maxima.lv,,2.29,,
Kart. plāksnes LONGCHIPS medus BBQ 75g (9.20 €/kg); (10.53 €/kg),maxima.lv,,0.69,9.20,€/kg
Krēmsiers PHILADELPHIA Protein 175g (15.94 €/kg); (24.51 €/kg),maxima.lv,,2.79,15.94,€/kg
Šok. batoniņš Berry Whip SNICKERS 40g (32.25 €/kg); (49.75 €/kg),maxima.lv,,1.29,32.25,€/kg
Šokolādes batoniņš Almond SNICKERS 45g (28.67 €/kg); (44.22 €/kg),maxima.lv,,1.29,28.67,€/kg
Želejas konf. banānu Peelerz AMOS 65g (21.38 €/kg); (30.62 €/kg),maxima.lv,,1.39,21.38,€/kg
Želejas konf. ar augļu garšu SKITTLES 50g (39.80 €/kg); (59.80 €/kg),maxima.lv,,1.99,39.80,€/kg
Kliņģ. gabal. Čedera siera g. CKRACKZEL 85g (16.35 €/kg); (22.24 €/kg),maxima.lv,,1.39,16.35,€/kg
Kliņģ. gabal. ķiploku maiz. g. CKRACKZEL 85g (16.35 €/kg); (22.24 €/kg),maxima.lv,,1.39,16.35,€/kg
Kukurūzas uzkoda TAKIS Blue Heat 100g (24.90 €/kg); (49.90 €/kg),maxima.lv,,2.49,24.90,€/kg
Šok. bat braunijs un zemesr. SNICKERS 45g (28.67 €/kg); (44.22 €/kg),maxima.lv,,1.29,28.67,€/kg
Augļu tējas garšas ledenes SKITTLES 54g (36.85 €/kg); (55.37 €/kg),maxima.lv,,1.99,36.85,€/kg
Augļu garšas ledenes SKITTLES 54g (36.85 €/kg); (55.37 €/kg),maxima.lv,,1.99,36.85,€/kg
"Dzēr. ALLDEYNN Collagen Grapefr.  0,33L D (3.61 €/l); (5.42 €/l)",maxima.lv,,1.19,3.61,€/l
Želejas konf. Peach Burst 4D AMOS 65g (21.38 €/kg); (30.62 €/kg),maxima.lv,,1.39,21.38,€/kg
"Dzēriens ALLDEYNN Collagen Peach 0,33L D (3.61 €/l); (5.42 €/l)",maxima.lv,,1.19,3.61,€/l
Pelmeņi Carbonara BULDAK 700g (11.41 €/kg); (14.27 €/kg),maxima.lv,,7.99,11.41,€/kg
"Šokolādes groziņi REESE'S 39,5g (32.66 €/kg); (65.57 €/kg)",maxima.lv,,1.29,32.66,€/kg
Želejas konf.  Mermaid Jewels AMOS 65g (21.38 €/kg); (30.62 €/kg),maxima.lv,,1.39,21.38,€/kg
Saldēti pelmeņi BULDAK ar kimči 700g (11.41 €/kg); (14.27 €/kg),maxima.lv,,7.99,11.41,€/kg
"Gāz. dzēr.  COCA-COLA Cherry 0,33L skārd. D (1.79 €/l); (3.00 €/l)",maxima.lv,,0.59,1.79,€/l
Košļ. konf. Mini Chew. Shot MINECRAFT 6x15g (22.11 €/kg); (33.22 €/kg),maxima.lv,,1.99,132.67,€/kg
"Gāzēts dzēr.  COCA-COLA Zero-Zero 0,33L D (1.79 €/l); (3.00 €/l)",maxima.lv,,0.59,1.79,€/l
Želejas konf. zemeņu Peelerz AMOS 65g (21.38 €/kg); (30.62 €/kg),maxima.lv,,1.39,21.38,€/kg
Auzu dzēriens OATLY Matcha 250ml (6.76 €/l); (9.96 €/l),maxima.lv,,1.69,6.76,€/l
Auzu dzēriens OATLY Matcha 1L (3.49 €/l); (4.49 €/l),maxima.lv,,3.49,3.49,€/l
Liellopa steiks nog. 60d.  Strip 220g (54.95 €/kg); (74.95 €/kg),maxima.lv,,10.99,49.95,€/kg
Liellopa steiks nog. 60d. Tenderloin 200g (59.95 €/kg); (79.95 €/kg),maxima.lv,,11.99,59.95,€/kg
"Gāzēts dzēriens FANTA Lychee 0,5L PET D (2.98 €/l); (4.98 €/l)",maxima.lv,,1.49,2.98,€/l
"Gāz. dzēr. FANTA Passion Fruit 0,5L PET D (2.98 €/l); (4.98 €/l)",maxima.lv,,1.49,2.98,€/l
"Gāz. dz. SPRITE Chill Zero 0,33L skārd. D (1.79 €/l); (3.00 €/l)",maxima.lv,,0.59,1.79,€/l
"Gāzēts dzēriens FANTA Melon 0,5L PET D (2.98 €/l); (4.98 €/l)",maxima.lv,,1.49,2.98,€/l
"Gāz. d. FANTA Crimson Cherry 0,33L skārd. D (1.79 €/l); (3.00 €/l)",maxima.lv,,0.59,1.79,€/l
Brok. pārsl. Cini Minis prot. NESTLE 340g (8.79 €/kg); (12.62 €/kg),maxima.lv,,2.99,8.79,€/kg
"Gāz. dz. FANTA Banana Chocolate 0,5L PET D (2.98 €/l); (4.98 €/l)",maxima.lv,,1.49,2.98,€/l
Kart. plāksnes LONGCHIPS cepta cāļa g. 75g (9.20 €/kg); (10.53 €/kg),maxima.lv,,0.69,9.20,€/kg
Brok. pārslas Lion proteīna NESTLE 340g (8.79 €/kg); (12.62 €/kg),maxima.lv,,2.99,8.79,€/kg
Proteīna bat. Peanut Cloud BAREBELLS 55g (43.45 €/kg); (59.82 €/kg),maxima.lv,,2.39,43.45,€/kg
"Gāz. dzēriens ELYNDI Pink Peach 0,5L D (3.61 €/l); (6.03 €/l)",maxima.lv,,1.19,2.38,€/l
"Gāz. dzēriens ELYNDI Apple&Kiwi 0,5L D (3.61 €/l); (6.03 €/l)",maxima.lv,,1.19,2.38,€/l
"Gāzēts dzēriens OKF Lychee 0,35L (2.26 €/l); (4.54 €/l)",maxima.lv,,0.79,2.26,€/l
"Gāzēts dzēriens OKF Green Apple 0,35L (2.26 €/l); (4.54 €/l)",maxima.lv,,0.79,2.26,€/l
"Gāzēts dzēriens OKF Melon 0,35L (2.26 €/l); (4.54 €/l)",maxima.lv,,0.79,2.26,€/l
"Gāzēts dzēriens OKF Grape 0,35L (2.26 €/l); (4.54 €/l)",maxima.lv,,0.79,2.26,€/l
"Gāzēts dzēriens OKF Peach 0,35L (2.26 €/l); (4.54 €/l)",maxima.lv,,0.79,2.26,€/l
Siers Sinfonia ar Prosecco FDM 150g (23.27 €/kg); (33.27 €/kg),maxima.lv,,3.49,23.27,€/kg
Siers ar trifelēm FIOR DI MASO 170g (20.53 €/kg); (29.35 €/kg),maxima.lv,,3.49,20.53,€/kg
Siers Sinfonia ar sarkanu vīnu FDM 150g (23.27 €/kg); (33.27 €/kg),maxima.lv,,3.49,23.27,€/kg
Cīsiņi 67 Lil' Bitez ar mērci ĀDAŽI 430g (5.33 €/kg); (8.35 €/kg),maxima.lv,,2.29,5.33,€/kg
Nageti 67 Nuggz ar mērci ĀDAŽI 500g (5.98 €/kg); (7.98 €/kg),maxima.lv,,2.99,5.98,€/kg
Kukurūzas uzkoda TAKIS Buckin Ranch 100g (24.90 €/kg); (34.90 €/kg),maxima.lv,,2.49,24.90,€/kg
Kūpināts liellopa šķiņķis Fit NOO 90g (18.78 €/kg); (31.00 €/kg),maxima.lv,,1.69,18.78,€/kg
Siers Camembert TUREK High Protein 120g (13.52 €/kg); (19.12 €/kg),maxima.lv,,1.69,14.08,€/kg
Cepumi Bts ar karam. pank. garšu OREO 157g (10.76 €/kg); (15.86 €/kg),maxima.lv,,1.69,10.76,€/kg
Majonēze HELLMANN'S ar trifelēm 250ml (7.96 €/kg); (12.76 €/kg),maxima.lv,,1.99,7.96,€/l
Želej. konfektes persiku HOLEE MOLEE! 70g (21.29 €/kg); (32.71 €/kg),maxima.lv,,1.49,21.29,€/kg
Želejas konfektes mango HOLEE MOLEE! 70g (21.29 €/kg); (32.71 €/kg),maxima.lv,,1.49,21.29,€/kg
Žel. konfektes vīnogu HOLEE MOLEE! 70g (21.29 €/kg); (32.71 €/kg),maxima.lv,,1.49,21.29,€/kg
Led. sula ar zemeņ. garš. CHUPA CHUPS 250ml (5.96 €/l); (7.96 €/l),maxima.lv,,1.49,5.96,€/l
Karsti kūpināts cāļa šķiņķis Fit NOO 90g (14.37 €/kg); (22.11 €/kg),maxima.lv,,1.29,14.33,€/kg
Led. sula ar kolas garš. CHUPA CHUPS 250ml (5.96 €/l); (7.96 €/l),maxima.lv,,1.49,5.96,€/l
"Dzēr. ALLDEYNN Collag. ķiršu-āb. g.  0,33L D (3.61 €/l); (5.42 €/l)",maxima.lv,,1.19,3.61,€/l
Karsti kūpin. tītara fileja Fit NOO 90g (16.56 €/kg); (25.44 €/kg),maxima.lv,,1.49,16.56,€/kg
Proteīna kokteilis QNT zemeņu 330ml (8.45 €/l); (12.09 €/l),maxima.lv,,2.79,8.45,€/l
Proteīna kokteilis QNT šokolādes 330ml (8.45 €/l); (12.09 €/l),maxima.lv,,2.79,8.45,€/l
Proteīna kokteilis QNT vaniļas 330ml (8.45 €/l); (12.09 €/l),maxima.lv,,2.79,8.45,€/l
"Liellopa gaļas uzkoda JACK LINK'S 22,5g (70.67 €/kg); (110.67 €/kg)",maxima.lv,,1.59,70.67,€/kg
"Enerģ. dz. RED BULL White Edition 0,25L D (6.03 €/l); (9.06 €/l)",maxima.lv,,1.99,7.96,€/l
Kolag. baton. šok. aven. kokosr. ALLDEYNN 40g (39.75 €/kg); (54.75 €/kg),maxima.lv,,1.59,39.75,€/kg
"Enerģ. dzēr. RED BULL Blue Edition 0,25L D (7.96 €/l); (11.96 €/l)",maxima.lv,,1.99,7.96,€/l
Kolag. baton. šok. mango kokosr. ALLDEYNN40g (39.75 €/kg); (54.75 €/kg),maxima.lv,,1.59,39.75,€/kg
Kolagēna šots ALLDEYNN 80ml (18.63 €/l); (28.63 €/l),maxima.lv,,1.49,18.62,€/l
"En. dz. RED BULL Pink Ed. Sugarfree 0,25L D (7.96 €/l); (11.96 €/l)",maxima.lv,,1.99,7.96,€/l
Proteīna bat. Cinnamon Bun BAREBELLS 55g (43.45 €/kg); (59.82 €/kg),maxima.lv,,2.39,43.45,€/kg
Eletrolītu pulver. citrus. laim. PUNCHY 34g (235.00 €/kg); (323.24 €/kg),maxima.lv,,7.99,235.00,€/kg
Elektrolītu pulver. tropu gaum. PUNCHY 34g (235.00 €/kg); (323.24 €/kg),maxima.lv,,7.99,235.00,€/kg
"Enerģ. dz. PERFECTTED Matcha ķiršu 0,25L D (8.76 €/l); (11.96 €/l)",maxima.lv,,2.19,8.76,€/l
"En. dz. PERFECTTED Matcha zemeņu 0,25L D (8.76 €/l); (11.96 €/l)",maxima.lv,,2.19,8.76,€/l
Plāni sv. cepumi Minions kafijas garš. 80g (18.63 €/kg); (24.88 €/kg),maxima.lv,,1.49,18.62,€/kg
Kausētais siers PRESIDENT ar sēnēm 120g (8.25 €/kg); (16.58 €/kg),maxima.lv,,0.99,8.25,€/kg
Kausētais siers PRESIDENT ar zaļum. 120g (8.25 €/kg); (16.58 €/kg),maxima.lv,,0.99,8.25,€/kg
Biskvīta maiz. banānu garšas pild. A1 62g (12.74 €/kg); (15.97 €/kg),maxima.lv,,0.79,12.74,€/kg
Kartup. plāksn. LONGCHIPS salami picas 75g (9.20 €/kg); (10.53 €/kg),maxima.lv,,0.69,9.20,€/kg
Krekeri ķiploka un kvinojas Bibizan 300g (8.97 €/kg); (11.63 €/kg),maxima.lv,,2.69,8.97,€/kg
3D persiku saldējums uz koc.  BOUJEE 75g (19.87 €/kg); (26.53 €/kg),maxima.lv,,1.99,26.53,€/kg
Krekeri trifeles un šķiņķa Bibizan 300g (8.97 €/kg); (11.63 €/kg),maxima.lv,,2.69,8.97,€/kg
Kart. plāksn. LONGCHIPS rozmar. olīveļļ. 75g (9.20 €/kg); (10.53 €/kg),maxima.lv,,0.69,9.20,€/kg
Šķiedrv. kolag. kompl. ACORUS BALANCE 300g (26.63 €/kg); (53.30 €/kg),maxima.lv,,7.99,26.63,€/kg
"Gāz. dz. SCHWEPPES Pink Grapefruit 0,33L D (2.09 €/l); (3.79 €/l)",maxima.lv,,0.69,2.09,€/l
"3D zemeņu saldējums uz kociņa BOUJEE 75g (19.87 €/kg); (26,53 €/kg)",maxima.lv,,1.99,26.53,€/kg
3D mango saldējums uz kociņa BOUJEE 75g (19.87 €/kg); (26.53 €/kg),maxima.lv,,1.99,26.53,€/kg
"Gāz. dz. SCHWEPPES Orange Passion 0,33L D (2.09 €/l); (3.79 €/l)",maxima.lv,,0.69,2.09,€/l
Piena šokolāde Caramel Nut CADBURY 200g (18.92 €/kg); (33.28 €/kg),maxima.lv,,3.69,18.45,€/kg
Piena šokolāde Nutty Crisp CADBURY 180g (18.92 €/kg); (33.28 €/kg),maxima.lv,,3.69,20.50,€/kg
Piena šokolāde CADBURY Biscoff 195g (18.92 €/kg); (33.28 €/kg),maxima.lv,,3.69,18.92,€/kg
Šokolādes bat. lazdu riekstu TWIX 46g (25.87 €/kg); (38.91 €/kg),maxima.lv,,1.19,25.87,€/kg
Žel. konf. Fruit Lollies ROWNTREES 130g (9.92 €/kg); (15.31 €/kg),maxima.lv,,1.29,9.92,€/kg
Žel. konf. Sour Watermelon ROWNTREES 130g (9.92 €/kg); (15.31 €/kg),maxima.lv,,1.29,9.92,€/kg
"Dzēr. GATORADE Isotonic Blue Rasp. 0,5L D (2.78 €/l); (3.58 €/l)",maxima.lv,,1.39,2.78,€/l
"Dzēriens GATORADE Isotonic Lemon 0,5L D (2.78 €/l); (3.58 €/l)",maxima.lv,,1.39,2.78,€/l
Kreatīna želejkonfektes VPLAB 60gab.  (0.13 €/kg); (0.18 €/kg),maxima.lv,,7.99,,
"Dzēriens GATORADE Isotonic Orange 0,5L D (2.78 €/l); (3.58 €/l)",maxima.lv,,1.39,2.78,€/l
Šokol. baton. White Multipack LION 5x30g (13.27 €/kg); (23.27 €/kg),maxima.lv,,1.99,66.33,€/kg
Šok. bat. BlackWhite Multipack LION 5x30g (13.27 €/kg); (23.27 €/kg),maxima.lv,,1.99,66.33,€/kg
Kruasana tostermaiz. New York Bakery 380g (10.50 €/kg); (13.13 €/kg),maxima.lv,,3.99,10.50,€/kg
Dateles DAVE&JON'S šokolādes 125g (18.32 €/kg); (23.92 €/kg),maxima.lv,,2.29,18.32,€/kg
Dateles DAVE&JON'S zemeņu kokt. 25g (18.32 €/kg); (23.92 €/kg),maxima.lv,,2.29,91.60,€/kg
Dateles DAVE&JON'S Sweet Peach 125g (18.32 €/kg); (23.92 €/kg),maxima.lv,,2.29,18.32,€/kg
